,사고번호,사고일시,요일,시군구,사고내용,사망자수,중상자수,경상자수,부상신고자수,사고유형,법규위반,노면상태,기상상태,도로형태,가해운전자 차종,가해운전자 성별,가해운전자 연령,가해운전자 상해정도,피해운전자 차종,피해운전자 성별,피해운전자 연령,피해운전자 상해정도
109,2018013100100146,2018년 1월 31일 08시,수요일,충청남도 천안시 서북구 쌍용동,중상사고,0,1,0,0,차대사람 - 횡단중,안전운전불이행,포장 - 건조,맑음,교차로 - 교차로횡단보도내,승용,여,48세,상해없음,보행자,여,80세,중상
110,2018013100100147,2018년 1월 31일 08시,수요일,충청남도 천안시 서북구 성환읍,중상사고,0,1,0,0,차대사람 - 기타,안전운전불이행,포장 - 건조,맑음,단일로 - 기타,승합,남,49세,상해없음,보행자,여,90세 이상,중상
111,2018013100100212,2018년 1월 31일 10시,수요일,충청남도 태안군 안면읍,중상사고,0,1,0,0,차대사람 - 기타,안전운전불이행,포장 - 건조,맑음,단일로 - 기타,승용,여,59세,상해없음,보행자,여,63세,중상
112,2018013100100327,2018년 1월 31일 15시,수요일,충청남도 공주시 정안면,중상사고,0,1,0,0,차대사람 - 기타,안전운전불이행,포장 - 건조,맑음,단일로 - 기타,승용,남,25세,상해없음,보행자,여,75세,중상
113,2018013100100431,2018년 1월 31일 18시,수요일,충청남도 천안시 서북구 성환읍,중상사고,0,1,0,0,차대사람 - 횡단중,안전운전불이행,포장 - 건조,맑음,교차로 - 교차로안,승용,여,29세,상해없음,보행자,여,58세,중상
114,2018020100100094,2018년 2월 1일 07시,목요일,충청남도 예산군 신암면,경상사고,0,0,1,0,차대사람 - 횡단중,안전운전불이행,포장 - 젖음/습기,안개,단일로 - 기타,화물,남,75세,상해없음,보행자,남,63세,경상
115,2018020100100372,2018년 2월 1일 15시,목요일,충청남도 계룡시 엄사면,중상사고,0,1,0,0,차대사람 - 차도통행중,안전운전불이행,포장 - 건조,맑음,교차로 - 교차로부근,화물,남,52세,상해없음,보행자,남,74세,중상
116,2018020100100537,2018년 2월 1일 19시,목요일,충청남도 논산시 강산동,중상사고,0,1,0,0,차대사람 - 기타,안전운전불이행,포장 - 건조,맑음,단일로 - 기타,승용,남,32세,상해없음,보행자,여,32세,중상
117,2018020100100540,2018년 2월 1일 19시,목요일,충청남도 천안시 동남구 신방동,경상사고,0,0,1,0,차대사람 - 기타,안전운전불이행,포장 - 건조,맑음,단일로 - 기타,승용,남,34세,상해없음,보행자,남,46세,경상
118,2018020100100677,2018년 2월 1일 23시,목요일,충청남도 천안시 서북구 쌍용동,경상사고,0,0,1,0,차대사람 - 차도통행중,안전운전불이행,포장 - 건조,맑음,교차로 - 교차로안,승용,남,27세,상해없음,보행자,남,56세,경상
119,2018020100100678,2018년 2월 1일 23시,목요일,충청남도 천안시 동남구 삼룡동,경상사고,0,0,1,0,차대사람 - 기타,안전운전불이행,포장 - 건조,맑음,단일로 - 기타,승용,남,44세,상해없음,보행자,남,69세,경상
120,2018020200100139,2018년 2월 2일 08시,금요일,충청남도 청양군 화성면,중상사고,0,1,0,0,차대사람 - 차도통행중,중앙선침범,포장 - 건조,맑음,단일로 - 기타,승용,여,30세,상해없음,보행자,여,71세,중상
121,2018020200100175,2018년 2월 2일 09시,금요일,충청남도 태안군 태안읍,경상사고,0,0,1,0,차대사람 - 횡단중,안전운전불이행,포장 - 건조,맑음,교차로 - 교차로부근,승용,남,50세,상해없음,보행자,남,74세,경상
122,2018020200100420,2018년 2월 2일 17시,금요일,충청남도 천안시 서북구 두정동,사망사고,1,0,0,0,차대사람 - 횡단중,안전운전불이행,포장 - 건조,맑음,교차로 - 교차로부근,승합,남,37세,상해없음,보행자,남,18세,사망
123,2018020200100653,2018년 2월 2일 23시,금요일,충청남도 서산시 동문동,중상사고,0,1,0,0,차대사람 - 횡단중,보행자보호의무위반,포장 - 건조,맑음,교차로 - 교차로안,승용,남,53세,기타불명,보행자,남,38세,중상
124,2018020300100047,2018년 2월 3일 01시,토요일,충청남도 보령시 동대동,경상사고,0,0,1,0,차대사람 - 길가장자리구역통행중,안전운전불이행,포장 - 건조,맑음,단일로 - 기타,승용,남,21세,상해없음,보행자,남,32세,경상
125,2018020300100102,2018년 2월 3일 05시,토요일,충청남도 천안시 동남구 청수동,중상사고,0,1,0,0,차대사람 - 횡단중,안전운전불이행,포장 - 적설,눈,단일로 - 기타,승용,남,31세,상해없음,보행자,여,77세,중상
126,2018020300100207,2018년 2월 3일 10시,토요일,충청남도 홍성군 홍성읍,중상사고,0,1,0,0,차대사람 - 기타,안전운전불이행,포장 - 건조,맑음,교차로 - 교차로부근,화물,남,82세,상해없음,보행자,여,56세,중상
127,2018020300100491,2018년 2월 3일 17시,토요일,충청남도 서산시 동문동,경상사고,0,0,1,0,차대사람 - 보도통행중,안전운전불이행,포장 - 건조,맑음,단일로 - 기타,승용,여,69세,상해없음,보행자,여,51세,경상
128,2018020300100581,2018년 2월 3일 19시,토요일,충청남도 서산시 동문동,경상사고,0,0,1,0,차대사람 - 기타,안전운전불이행,포장 - 건조,맑음,기타 - 기타,승용,남,58세,상해없음,보행자,남,56세,경상
129,2018020400100326,2018년 2월 4일 16시,일요일,충청남도 당진시 시곡리,중상사고,0,1,0,0,차대사람 - 보도통행중,안전운전불이행,포장 - 건조,맑음,기타 - 기타,승용,남,62세,상해없음,보행자,여,2세,중상
130,2018020400100387,2018년 2월 4일 18시,일요일,충청남도 서천군 장항읍,사망사고,1,0,0,0,차대사람 - 차도통행중,안전운전불이행,포장 - 건조,맑음,교차로 - 교차로안,승용,남,37세,상해없음,보행자,여,75세,사망
131,2018020500100053,2018년 2월 5일 05시,월요일,충청남도 천안시 서북구 성정동,경상사고,0,0,1,0,차대사람 - 횡단중,보행자보호의무위반,포장 - 건조,맑음,교차로 - 교차로부근,승용,남,64세,상해없음,보행자,여,37세,경상
132,2018020500100351,2018년 2월 5일 14시,월요일,충청남도 예산군 예산읍,경상사고,0,0,1,0,차대사람 - 기타,안전운전불이행,포장 - 건조,맑음,단일로 - 기타,승합,남,52세,상해없음,보행자,여,48세,경상
133,2018020500100495,2018년 2월 5일 18시,월요일,충청남도 태안군 고남면,중상사고,0,1,0,0,차대사람 - 횡단중,안전운전불이행,포장 - 건조,맑음,교차로 - 교차로부근,승용,남,59세,상해없음,보행자,여,68세,중상
134,2018020500100532,2018년 2월 5일 19시,월요일,충청남도 공주시 웅진동,중상사고,0,1,0,0,차대사람 - 차도통행중,신호위반,포장 - 건조,맑음,교차로 - 교차로부근,승용,남,40세,상해없음,보행자,남,65세,중상
135,2018020500100561,2018년 2월 5일 20시,월요일,충청남도 논산시 연무읍,중상사고,0,1,0,0,차대사람 - 길가장자리구역통행중,안전운전불이행,포장 - 건조,맑음,교차로 - 교차로부근,승용,남,28세,상해없음,보행자,남,43세,중상
136,2018020600100053,2018년 2월 6일 05시,화요일,충청남도 보령시 청라면,사망사고,1,0,0,0,차대사람 - 횡단중,안전운전불이행,포장 - 건조,맑음,단일로 - 기타,승용,남,39세,상해없음,보행자,남,81세,사망
137,2018020600100091,2018년 2월 6일 07시,화요일,충청남도 아산시 모종동,중상사고,0,1,0,0,차대사람 - 횡단중,보행자보호의무위반,포장 - 건조,맑음,교차로 - 교차로횡단보도내,승용,여,28세,상해없음,보행자,남,73세,중상
138,2018020600100271,2018년 2월 6일 12시,화요일,충청남도 보령시 대천동,경상사고,0,0,1,0,차대사람 - 기타,안전운전불이행,포장 - 건조,맑음,단일로 - 기타,화물,남,58세,상해없음,보행자,남,42세,경상
139,2018020600100518,2018년 2월 6일 19시,화요일,충청남도 천안시 동남구 신부동,중상사고,0,1,0,0,차대사람 - 길가장자리구역통행중,안전운전불이행,포장 - 건조,맑음,단일로 - 기타,승용,남,60세,상해없음,보행자,남,36세,중상
140,2018020600100519,2018년 2월 6일 19시,화요일,충청남도 천안시 동남구 봉명동,경상사고,0,0,1,0,차대사람 - 횡단중,안전운전불이행,포장 - 건조,맑음,교차로 - 교차로안,승용,남,53세,상해없음,보행자,남,50세,경상
141,2018020600100580,2018년 2월 6일 21시,화요일,충청남도 서산시 대산읍,중상사고,0,1,0,0,차대사람 - 횡단중,안전운전불이행,포장 - 건조,맑음,교차로 - 교차로부근,승용,남,51세,상해없음,보행자,여,56세,중상
142,2018020600100615,2018년 2월 6일 22시,화요일,충청남도 천안시 동남구 신부동,중상사고,0,1,0,0,차대사람 - 보도통행중,신호위반,포장 - 건조,맑음,단일로 - 기타,승용,남,42세,상해없음,보행자,여,21세,중상
143,2018020700100071,2018년 2월 7일 05시,수요일,충청남도 천안시 동남구 신방동,중상사고,0,1,1,0,차대사람 - 보도통행중,기타,포장 - 젖음/습기,흐림,교차로 - 교차로부근,승합,남,52세,경상,보행자,남,62세,중상
144,2018020700100277,2018년 2월 7일 12시,수요일,충청남도 아산시 권곡동,중상사고,0,1,0,0,차대사람 - 기타,안전운전불이행,포장 - 건조,맑음,단일로 - 기타,승용,남,68세,상해없음,보행자,여,58세,중상
145,2018020700100444,2018년 2월 7일 17시,수요일,충청남도 천안시 동남구 광덕면,중상사고,0,1,0,0,차대사람 - 횡단중,안전운전불이행,포장 - 건조,맑음,단일로 - 기타,승합,남,47세,상해없음,보행자,여,17세,중상
146,2018020700100667,2018년 2월 7일 22시,수요일,충청남도 아산시 온천동,중상사고,0,1,0,0,차대사람 - 횡단중,안전운전불이행,포장 - 건조,기타,교차로 - 교차로횡단보도내,승용,남,75세,상해없음,보행자,여,44세,중상
147,2018020800100460,2018년 2월 8일 16시,목요일,충청남도 아산시 온천동,경상사고,0,0,1,0,차대사람 - 기타,안전운전불이행,포장 - 건조,맑음,단일로 - 기타,승용,여,21세,상해없음,보행자,남,66세,경상
148,2018020800100625,2018년 2월 8일 20시,목요일,충청남도 서산시 읍내동,중상사고,0,1,0,0,차대사람 - 횡단중,신호위반,포장 - 건조,맑음,교차로 - 교차로횡단보도내,승용,여,42세,상해없음,보행자,여,54세,중상
149,2018020800100662,2018년 2월 8일 21시,목요일,충청남도 천안시 서북구 쌍용동,경상사고,0,0,1,0,차대사람 - 기타,안전운전불이행,포장 - 건조,맑음,단일로 - 기타,승용,여,45세,상해없음,보행자,남,46세,경상
150,2018020900100251,2018년 2월 9일 11시,금요일,충청남도 아산시 온천동,경상사고,0,0,1,0,차대사람 - 차도통행중,안전운전불이행,포장 - 건조,맑음,단일로 - 기타,기타불명,기타불명,미분류,기타불명,보행자,여,77세,경상
151,2018020900100354,2018년 2월 9일 14시,금요일,충청남도 서산시 동문동,경상사고,0,0,1,0,차대사람 - 기타,보행자보호의무위반,포장 - 건조,맑음,교차로 - 교차로횡단보도내,승용,남,62세,상해없음,보행자,여,19세,경상
152,2018020900100715,2018년 2월 9일 22시,금요일,충청남도 아산시 온천동,경상사고,0,0,1,0,차대사람 - 보도통행중,안전운전불이행,포장 - 건조,맑음,기타 - 기타,승용,남,54세,상해없음,보행자,남,39세,경상
153,2018021000100044,2018년 2월 10일 01시,토요일,충청남도 당진시 송악읍,중상사고,0,1,1,0,차대사람 - 차도통행중,안전운전불이행,포장 - 건조,맑음,단일로 - 기타,승용,남,62세,상해없음,보행자,남,29세,중상
154,2018021100100081,2018년 2월 11일 05시,일요일,충청남도 천안시 동남구 봉명동,중상사고,0,1,0,0,차대사람 - 기타,안전운전불이행,포장 - 서리/결빙,눈,단일로 - 기타,승용,남,41세,상해없음,보행자,남,72세,중상
155,2018021100100142,2018년 2월 11일 10시,일요일,충청남도 천안시 동남구 삼룡동,중상사고,0,1,0,0,차대사람 - 길가장자리구역통행중,안전운전불이행,포장 - 건조,맑음,단일로 - 기타,화물,남,62세,상해없음,보행자,남,69세,중상
156,2018021100100143,2018년 2월 11일 10시,일요일,충청남도 천안시 동남구 구성동,중상사고,0,1,0,0,차대사람 - 기타,안전운전불이행,포장 - 건조,맑음,기타 - 기타,승용,남,42세,상해없음,보행자,여,58세,중상
157,2018021100100183,2018년 2월 11일 12시,일요일,충청남도 천안시 동남구 사직동,중상사고,0,1,0,0,차대사람 - 기타,안전운전불이행,포장 - 건조,맑음,단일로 - 기타,승용,남,61세,상해없음,보행자,남,61세,중상
158,2018021100100276,2018년 2월 11일 16시,일요일,충청남도 서산시 대산읍,사망사고,1,0,0,0,차대사람 - 횡단중,안전운전불이행,포장 - 건조,맑음,단일로 - 기타,화물,남,63세,상해없음,보행자,남,71세,사망
159,2018021200100026,2018년 2월 12일 02시,월요일,충청남도 당진시 수청리,중상사고,0,1,0,0,차대사람 - 기타,기타,포장 - 적설,눈,단일로 - 기타,기타불명,기타불명,미분류,기타불명,보행자,여,25세,중상
160,2018021200100039,2018년 2월 12일 03시,월요일,충청남도 금산군 추부면,중상사고,0,1,0,0,차대사람 - 보도통행중,안전운전불이행,포장 - 적설,눈,단일로 - 기타,화물,남,34세,상해없음,보행자,남,64세,중상
161,2018021200100359,2018년 2월 12일 14시,월요일,충청남도 공주시 중동,경상사고,0,0,1,0,차대사람 - 차도통행중,안전운전불이행,포장 - 적설,눈,교차로 - 교차로부근,승용,여,63세,상해없음,보행자,여,47세,경상
162,2018021200100360,2018년 2월 12일 14시,월요일,충청남도 태안군 태안읍,중상사고,0,1,0,0,차대사람 - 횡단중,보행자보호의무위반,포장 - 젖음/습기,맑음,교차로 - 교차로안,화물,남,33세,상해없음,보행자,여,76세,중상
163,2018021200100489,2018년 2월 12일 17시,월요일,충청남도 보령시 대천동,경상사고,0,0,1,0,차대사람 - 길가장자리구역통행중,안전운전불이행,포장 - 건조,흐림,단일로 - 기타,승용,여,55세,상해없음,보행자,남,42세,경상
164,2018021200100754,2018년 2월 12일 23시,월요일,충청남도 태안군 안면읍,중상사고,0,1,0,0,차대사람 - 기타,안전운전불이행,포장 - 적설,눈,교차로 - 교차로부근,승용,남,48세,상해없음,보행자,남,52세,중상
165,2018021300100038,2018년 2월 13일 01시,화요일,충청남도 논산시 취암동,중상사고,0,1,0,0,차대사람 - 기타,안전운전불이행,포장 - 적설,눈,교차로 - 교차로부근,승용,남,49세,상해없음,보행자,남,52세,중상
166,2018021300100247,2018년 2월 13일 10시,화요일,충청남도 천안시 동남구 대흥동,경상사고,0,0,1,0,차대사람 - 횡단중,보행자보호의무위반,포장 - 건조,맑음,단일로 - 기타,승용,여,59세,상해없음,보행자,남,75세,경상
167,2018021300100248,2018년 2월 13일 10시,화요일,충청남도 태안군 태안읍,중상사고,0,1,0,0,차대사람 - 횡단중,안전운전불이행,포장 - 젖음/습기,기타,교차로 - 교차로횡단보도내,승용,남,62세,상해없음,보행자,여,74세,중상
168,2018021300100446,2018년 2월 13일 15시,화요일,충청남도 서산시 부석면,중상사고,0,1,0,0,차대사람 - 횡단중,안전운전불이행,포장 - 건조,맑음,단일로 - 기타,승용,남,72세,상해없음,보행자,남,54세,중상
169,2018021300100671,2018년 2월 13일 19시,화요일,충청남도 천안시 동남구 대흥동,사망사고,1,0,0,0,차대사람 - 횡단중,보행자보호의무위반,포장 - 건조,맑음,단일로 - 기타,승합,남,40세,상해없음,보행자,여,46세,사망
170,2018021300100749,2018년 2월 13일 21시,화요일,충청남도 천안시 서북구 쌍용동,경상사고,0,0,1,0,차대사람 - 횡단중,안전운전불이행,포장 - 건조,맑음,단일로 - 기타,승용,남,52세,상해없음,보행자,여,52세,경상
171,2018021400100056,2018년 2월 14일 01시,수요일,충청남도 아산시 탕정면,경상사고,0,0,2,0,차대사람 - 기타,안전운전불이행,포장 - 건조,맑음,단일로 - 기타,승용,여,18세,상해없음,보행자,여,24세,경상
172,2018021400100133,2018년 2월 14일 07시,수요일,충청남도 천안시 서북구 직산읍,경상사고,0,0,1,0,차대사람 - 횡단중,신호위반,포장 - 건조,맑음,교차로 - 교차로횡단보도내,승용,여,53세,상해없음,보행자,여,40세,경상
173,2018021400100476,2018년 2월 14일 17시,수요일,충청남도 부여군 부여읍,경상사고,0,0,1,0,차대사람 - 기타,안전운전불이행,포장 - 건조,맑음,교차로 - 교차로안,승용,남,56세,상해없음,보행자,여,59세,경상
174,2018021400100514,2018년 2월 14일 18시,수요일,충청남도 천안시 서북구 성정동,경상사고,0,0,1,0,차대사람 - 횡단중,보행자보호의무위반,포장 - 건조,맑음,교차로 - 교차로안,이륜,남,42세,상해없음,보행자,남,27세,경상
175,2018021500100239,2018년 2월 15일 13시,목요일,충청남도 당진시 신평면,중상사고,0,1,0,0,차대사람 - 차도통행중,안전운전불이행,포장 - 건조,맑음,단일로 - 기타,승용,남,39세,상해없음,보행자,남,83세,중상
176,2018021500100295,2018년 2월 15일 16시,목요일,충청남도 서산시 동문동,부상신고사고,0,0,0,1,차대사람 - 길가장자리구역통행중,기타,포장 - 건조,맑음,단일로 - 기타,기타불명,기타불명,미분류,기타불명,보행자,남,63세,부상신고
177,2018021500100371,2018년 2월 15일 20시,목요일,충청남도 홍성군 홍성읍,중상사고,0,1,0,0,차대사람 - 횡단중,안전운전불이행,포장 - 건조,맑음,단일로 - 기타,승용,남,56세,상해없음,보행자,남,65세,중상
178,2018021600100266,2018년 2월 16일 19시,금요일,충청남도 논산시 광석면,경상사고,0,0,1,0,차대사람 - 보도통행중,안전운전불이행,포장 - 건조,맑음,교차로 - 교차로부근,승용,남,37세,상해없음,보행자,남,76세,경상
179,2018021600100289,2018년 2월 16일 20시,금요일,충청남도 천안시 서북구 직산읍,경상사고,0,0,1,0,차대사람 - 횡단중,안전운전불이행,포장 - 건조,맑음,단일로 - 기타,승용,남,58세,상해없음,보행자,남,37세,경상
180,2018021700100019,2018년 2월 17일 01시,토요일,충청남도 아산시 온천동,경상사고,0,0,1,0,차대사람 - 횡단중,안전운전불이행,포장 - 건조,기타,단일로 - 기타,승용,남,22세,상해없음,보행자,여,22세,경상
181,2018021800100140,2018년 2월 18일 12시,일요일,충청남도 태안군 태안읍,경상사고,0,0,1,0,차대사람 - 기타,안전운전불이행,포장 - 건조,맑음,단일로 - 기타,건설기계,남,44세,상해없음,보행자,남,28세,경상
182,2018021800100194,2018년 2월 18일 15시,일요일,충청남도 공주시 반죽동,경상사고,0,0,1,0,차대사람 - 횡단중,보행자보호의무위반,포장 - 건조,맑음,교차로 - 교차로안,승용,여,50세,상해없음,보행자,여,82세,경상
183,2018021800100227,2018년 2월 18일 17시,일요일,충청남도 논산시 연무읍,중상사고,0,1,0,0,차대사람 - 횡단중,중앙선침범,포장 - 건조,맑음,교차로 - 교차로부근,승용,여,36세,상해없음,보행자,여,44세,중상
184,2018021900100026,2018년 2월 19일 03시,월요일,충청남도 천안시 서북구 두정동,경상사고,0,0,1,0,차대사람 - 기타,안전운전불이행,포장 - 건조,맑음,단일로 - 기타,승용,남,46세,상해없음,보행자,남,26세,경상
185,2018021900100105,2018년 2월 19일 09시,월요일,충청남도 서산시 동문동,경상사고,0,0,1,0,차대사람 - 차도통행중,안전운전불이행,포장 - 건조,맑음,단일로 - 기타,승용,남,47세,상해없음,보행자,남,58세,경상
186,2018021900100177,2018년 2월 19일 12시,월요일,충청남도 당진시 행정리,경상사고,0,0,1,0,차대사람 - 길가장자리구역통행중,안전운전불이행,포장 - 건조,맑음,단일로 - 기타,화물,남,71세,상해없음,보행자,남,69세,경상
187,2018021900100178,2018년 2월 19일 12시,월요일,충청남도 당진시 읍내리,경상사고,0,0,1,0,차대사람 - 횡단중,보행자보호의무위반,포장 - 건조,맑음,교차로 - 교차로횡단보도내,승용,남,57세,상해없음,보행자,남,64세,경상
188,2018021900100217,2018년 2월 19일 14시,월요일,충청남도 서산시 동문동,경상사고,0,0,1,0,차대사람 - 차도통행중,안전운전불이행,포장 - 건조,맑음,단일로 - 기타,승용,여,62세,상해없음,보행자,여,66세,경상
189,2018021900100220,2018년 2월 19일 14시,월요일,충청남도 천안시 동남구 신방동,경상사고,0,0,1,0,차대사람 - 기타,안전운전불이행,포장 - 건조,맑음,단일로 - 기타,승용,여,51세,상해없음,보행자,여,79세,경상
190,2018021900100389,2018년 2월 19일 19시,월요일,충청남도 천안시 서북구 두정동,중상사고,0,1,0,0,차대사람 - 횡단중,보행자보호의무위반,포장 - 건조,맑음,교차로 - 교차로안,승용,여,27세,상해없음,보행자,여,32세,중상
191,2018021900100481,2018년 2월 19일 22시,월요일,충청남도 천안시 서북구 성정동,경상사고,0,0,1,0,차대사람 - 횡단중,안전운전불이행,포장 - 건조,맑음,교차로 - 교차로안,승용,남,40세,상해없음,보행자,남,43세,경상
192,2018021900100482,2018년 2월 19일 22시,월요일,충청남도 보령시 동대동,중상사고,0,1,0,0,차대사람 - 횡단중,안전운전불이행,포장 - 건조,맑음,교차로 - 교차로안,승용,남,34세,상해없음,보행자,남,64세,중상
193,2018022000100063,2018년 2월 20일 05시,화요일,충청남도 예산군 예산읍,사망사고,1,0,0,0,차대사람 - 차도통행중,안전운전불이행,포장 - 건조,맑음,단일로 - 기타,화물,남,29세,상해없음,보행자,남,37세,사망
194,2018022000100108,2018년 2월 20일 07시,화요일,충청남도 당진시 원당리,경상사고,0,0,1,0,차대사람 - 차도통행중,안전운전불이행,포장 - 건조,맑음,단일로 - 기타,승용,남,30세,상해없음,보행자,남,60세,경상
195,2018022000100231,2018년 2월 20일 12시,화요일,충청남도 부여군 부여읍,경상사고,0,0,1,0,차대사람 - 기타,안전운전불이행,포장 - 건조,맑음,단일로 - 기타,승용,여,67세,상해없음,보행자,여,78세,경상
196,2018022100100030,2018년 2월 21일 04시,수요일,충청남도 천안시 서북구 성정동,중상사고,0,1,0,0,차대사람 - 기타,안전운전불이행,포장 - 건조,기타,교차로 - 교차로안,승용,남,48세,상해없음,보행자,남,45세,중상
197,2018022100100066,2018년 2월 21일 07시,수요일,충청남도 아산시 탕정면,경상사고,0,0,1,0,차대사람 - 길가장자리구역통행중,안전운전불이행,포장 - 건조,맑음,단일로 - 기타,승합,남,23세,상해없음,보행자,남,47세,경상
198,2018022100100227,2018년 2월 21일 14시,수요일,충청남도 서산시 동문동,중상사고,0,1,0,0,차대사람 - 횡단중,보행자보호의무위반,포장 - 건조,맑음,교차로 - 교차로안,승용,남,67세,상해없음,보행자,남,71세,중상
199,2018022100100287,2018년 2월 21일 16시,수요일,충청남도 당진시 읍내리,중상사고,0,1,0,0,차대사람 - 차도통행중,안전운전불이행,포장 - 건조,맑음,교차로 - 교차로안,승용,남,60세,상해없음,보행자,여,69세,중상
200,2018022100100288,2018년 2월 21일 16시,수요일,충청남도 당진시 합덕읍,사망사고,1,0,0,0,차대사람 - 차도통행중,안전운전불이행,포장 - 건조,맑음,교차로 - 교차로안,승용,여,51세,상해없음,보행자,여,87세,사망
201,2018022100100416,2018년 2월 21일 20시,수요일,충청남도 예산군 예산읍,경상사고,0,0,1,0,차대사람 - 횡단중,안전운전불이행,포장 - 건조,맑음,단일로 - 기타,승용,남,73세,상해없음,보행자,남,54세,경상
202,2018022200100031,2018년 2월 22일 01시,목요일,충청남도 서산시 동문동,경상사고,0,0,1,0,차대사람 - 길가장자리구역통행중,안전운전불이행,포장 - 건조,맑음,단일로 - 기타,승용,남,23세,상해없음,보행자,여,25세,경상
203,2018022200100293,2018년 2월 22일 14시,목요일,충청남도 아산시 신창면,경상사고,0,0,1,0,차대사람 - 기타,안전운전불이행,포장 - 건조,맑음,주차장 - 주차장,기타불명,기타불명,미분류,기타불명,보행자,남,34세,경상
204,2018022200100448,2018년 2월 22일 19시,목요일,충청남도 천안시 동남구 신방동,중상사고,0,1,0,0,차대사람 - 기타,보행자보호의무위반,포장 - 건조,맑음,기타 - 기타,승합,남,30세,상해없음,보행자,여,55세,중상
205,2018022200100479,2018년 2월 22일 20시,목요일,충청남도 홍성군 홍북읍,중상사고,0,1,0,0,차대사람 - 횡단중,보행자보호의무위반,포장 - 건조,맑음,기타 - 기타,승용,남,30세,상해없음,보행자,남,15세,중상
206,2018022300100147,2018년 2월 23일 08시,금요일,충청남도 논산시 연산면,중상사고,0,1,0,0,차대사람 - 길가장자리구역통행중,안전운전불이행,포장 - 젖음/습기,흐림,단일로 - 기타,승용,남,78세,상해없음,보행자,남,52세,중상
207,2018022300100380,2018년 2월 23일 16시,금요일,충청남도 천안시 서북구 성정동,경상사고,0,0,1,0,차대사람 - 기타,안전운전불이행,포장 - 건조,맑음,단일로 - 기타,화물,남,41세,상해없음,보행자,여,71세,경상
208,2018022300100519,2018년 2월 23일 20시,금요일,충청남도 서천군 서천읍,경상사고,0,0,1,0,차대사람 - 횡단중,안전운전불이행,포장 - 건조,맑음,교차로 - 교차로부근,승용,여,47세,상해없음,보행자,남,48세,경상
209,2018022300100559,2018년 2월 23일 21시,금요일,충청남도 천안시 서북구 두정동,경상사고,0,0,2,0,차대사람 - 횡단중,보행자보호의무위반,포장 - 건조,맑음,교차로 - 교차로부근,이륜,남,28세,상해없음,보행자,남,26세,경상
210,2018022300100592,2018년 2월 23일 22시,금요일,충청남도 서산시 오남동,경상사고,0,0,1,0,차대사람 - 길가장자리구역통행중,안전운전불이행,포장 - 건조,맑음,단일로 - 기타,승용,남,39세,상해없음,보행자,남,14세,경상
211,2018022400100010,2018년 2월 24일 00시,토요일,충청남도 논산시 내동,중상사고,0,1,0,0,차대사람 - 차도통행중,안전운전불이행,포장 - 건조,맑음,교차로 - 교차로안,승용,남,57세,상해없음,보행자,여,24세,중상
212,2018022400100170,2018년 2월 24일 10시,토요일,충청남도 서천군 서천읍,경상사고,0,0,1,0,차대사람 - 횡단중,보행자보호의무위반,포장 - 건조,맑음,교차로 - 교차로횡단보도내,화물,여,57세,상해없음,보행자,남,49세,경상
213,2018022400100227,2018년 2월 24일 12시,토요일,충청남도 공주시 유구읍,경상사고,0,0,1,0,차대사람 - 기타,안전운전불이행,포장 - 건조,맑음,기타 - 기타,승합,남,53세,상해없음,보행자,여,72세,경상
214,2018022400100465,2018년 2월 24일 21시,토요일,충청남도 서산시 예천동,경상사고,0,0,1,0,차대사람 - 기타,안전운전불이행,포장 - 건조,맑음,주차장 - 주차장,승용,남,28세,상해없음,보행자,여,50세,경상
215,2018022500100036,2018년 2월 25일 02시,일요일,충청남도 천안시 서북구 두정동,경상사고,0,0,1,0,차대사람 - 횡단중,안전운전불이행,포장 - 건조,맑음,교차로 - 교차로부근,승용,남,18세,상해없음,보행자,남,23세,경상
216,2018022500100223,2018년 2월 25일 15시,일요일,충청남도 아산시 실옥동,중상사고,0,1,0,0,차대사람 - 기타,안전운전불이행,포장 - 건조,맑음,단일로 - 기타,승용,남,40세,상해없음,보행자,여,90세 이상,중상
217,2018022500100250,2018년 2월 25일 16시,일요일,충청남도 천안시 동남구 목천읍,중상사고,0,1,0,0,차대사람 - 횡단중,신호위반,포장 - 건조,맑음,교차로 - 교차로안,화물,남,69세,상해없음,보행자,남,13세,중상