,사고번호,사고일시,요일,시군구,사고내용,사망자수,중상자수,경상자수,부상신고자수,사고유형,법규위반,노면상태,기상상태,도로형태,가해운전자 차종,가해운전자 성별,가해운전자 연령,가해운전자 상해정도,피해운전자 차종,피해운전자 성별,피해운전자 연령,피해운전자 상해정도
325,2018032000100365,2018년 3월 20일 17시,화요일,충청남도 당진시 채운동,중상사고,0,1,0,0,차대사람 - 횡단중,보행자보호의무위반,포장 - 건조,맑음,교차로 - 교차로안,승합,남,57세,상해없음,보행자,여,18세,중상
326,2018032000100450,2018년 3월 20일 19시,화요일,충청남도 당진시 채운동,중상사고,0,1,0,0,차대사람 - 횡단중,보행자보호의무위반,포장 - 건조,맑음,교차로 - 교차로횡단보도내,승용,여,60세,상해없음,보행자,남,58세,중상
327,2018032000100485,2018년 3월 20일 20시,화요일,충청남도 서산시 예천동,경상사고,0,0,1,0,차대사람 - 횡단중,신호위반,포장 - 건조,맑음,교차로 - 교차로횡단보도내,이륜,남,23세,상해없음,보행자,남,15세,경상
328,2018032000100517,2018년 3월 20일 21시,화요일,충청남도 천안시 동남구 청수동,중상사고,0,2,0,0,차대사람 - 횡단중,보행자보호의무위반,포장 - 건조,맑음,교차로 - 교차로부근,승합,남,77세,상해없음,보행자,남,57세,중상
329,2018032000100550,2018년 3월 20일 22시,화요일,충청남도 당진시 합덕읍,사망사고,1,0,0,0,차대사람 - 횡단중,과속,포장 - 건조,맑음,교차로 - 교차로안,승용,남,25세,상해없음,보행자,여,64세,사망
330,2018032100100292,2018년 3월 21일 15시,수요일,충청남도 홍성군 서부면,중상사고,0,1,0,0,차대사람 - 기타,안전운전불이행,비포장 - 건조,맑음,단일로 - 기타,승용,남,63세,상해없음,보행자,여,79세,중상
331,2018032100100478,2018년 3월 21일 20시,수요일,충청남도 아산시 용화동,경상사고,0,0,1,0,차대사람 - 보도통행중,보행자보호의무위반,포장 - 젖음/습기,비,교차로 - 교차로부근,승용,남,39세,상해없음,보행자,여,15세,경상
332,2018032100100508,2018년 3월 21일 21시,수요일,충청남도 천안시 서북구 쌍용동,중상사고,0,1,0,0,차대사람 - 횡단중,보행자보호의무위반,포장 - 젖음/습기,비,교차로 - 교차로횡단보도내,이륜,남,43세,상해없음,보행자,남,28세,중상
333,2018032100100536,2018년 3월 21일 22시,수요일,충청남도 아산시 온천동,경상사고,0,0,1,0,차대사람 - 보도통행중,보행자보호의무위반,포장 - 젖음/습기,기타,교차로 - 교차로횡단보도내,승용,남,48세,상해없음,보행자,여,22세,경상
334,2018032200100150,2018년 3월 22일 08시,목요일,충청남도 아산시 온천동,중상사고,0,1,0,0,차대사람 - 보도통행중,보행자보호의무위반,포장 - 건조,맑음,교차로 - 교차로횡단보도내,승용,남,30세,상해없음,보행자,여,75세,중상
335,2018032200100182,2018년 3월 22일 09시,목요일,충청남도 서산시 석남동,경상사고,0,0,1,0,차대사람 - 기타,안전운전불이행,포장 - 건조,맑음,주차장 - 주차장,화물,남,67세,상해없음,보행자,남,48세,경상
336,2018032200100294,2018년 3월 22일 13시,목요일,충청남도 보령시 대천동,중상사고,0,1,0,0,차대사람 - 횡단중,안전운전불이행,포장 - 건조,맑음,단일로 - 기타,화물,남,56세,상해없음,보행자,남,83세,중상
337,2018032200100343,2018년 3월 22일 15시,목요일,충청남도 천안시 서북구 성정동,중상사고,0,1,0,0,차대사람 - 횡단중,보행자보호의무위반,포장 - 건조,맑음,교차로 - 교차로부근,승용,여,38세,상해없음,보행자,남,8세,중상
338,2018032200100527,2018년 3월 22일 20시,목요일,충청남도 아산시 신창면,중상사고,0,1,0,0,차대사람 - 길가장자리구역통행중,안전운전불이행,포장 - 건조,맑음,단일로 - 기타,승용,여,43세,상해없음,보행자,남,47세,중상
339,2018032300100116,2018년 3월 23일 08시,금요일,충청남도 천안시 서북구 성정동,중상사고,0,1,0,0,차대사람 - 기타,안전운전불이행,포장 - 건조,맑음,교차로 - 교차로안,승용,남,34세,상해없음,보행자,남,70세,중상
340,2018032300100350,2018년 3월 23일 16시,금요일,충청남도 서산시 지곡면,경상사고,0,0,1,0,차대사람 - 기타,안전운전불이행,포장 - 건조,맑음,단일로 - 기타,승용,여,30세,상해없음,보행자,남,7세,경상
341,2018032300100442,2018년 3월 23일 18시,금요일,충청남도 서산시 석남동,부상신고사고,0,0,0,1,차대사람 - 횡단중,안전운전불이행,포장 - 건조,맑음,교차로 - 교차로안,승용,여,59세,상해없음,보행자,여,18세,부상신고
342,2018032300100483,2018년 3월 23일 19시,금요일,충청남도 금산군 금산읍,경상사고,0,0,1,0,차대사람 - 횡단중,보행자보호의무위반,포장 - 건조,맑음,교차로 - 교차로횡단보도내,이륜,남,61세,상해없음,보행자,여,70세,경상
343,2018032300100484,2018년 3월 23일 19시,금요일,충청남도 천안시 동남구 봉명동,경상사고,0,0,1,0,차대사람 - 횡단중,보행자보호의무위반,포장 - 건조,맑음,단일로 - 기타,승용,여,57세,상해없음,보행자,여,73세,경상
344,2018032300100524,2018년 3월 23일 20시,금요일,충청남도 천안시 서북구 성정동,경상사고,0,0,1,0,차대사람 - 횡단중,보행자보호의무위반,포장 - 건조,맑음,교차로 - 교차로안,승용,남,46세,상해없음,보행자,여,34세,경상
345,2018032400100078,2018년 3월 24일 05시,토요일,충청남도 공주시 신관동,경상사고,0,0,1,0,차대사람 - 횡단중,보행자보호의무위반,포장 - 건조,맑음,교차로 - 교차로횡단보도내,승용,남,63세,상해없음,보행자,여,26세,경상
346,2018032400100129,2018년 3월 24일 09시,토요일,충청남도 아산시 온천동,중상사고,0,1,0,0,차대사람 - 횡단중,보행자보호의무위반,포장 - 건조,맑음,교차로 - 교차로횡단보도내,승용,여,55세,상해없음,보행자,여,49세,중상
347,2018032400100244,2018년 3월 24일 13시,토요일,충청남도 홍성군 홍성읍,경상사고,0,0,1,0,차대사람 - 기타,기타,포장 - 건조,맑음,주차장 - 주차장,승용,남,76세,상해없음,보행자,남,24세,경상
348,2018032400100376,2018년 3월 24일 17시,토요일,충청남도 천안시 동남구 신부동,경상사고,0,0,1,0,차대사람 - 기타,안전운전불이행,포장 - 건조,맑음,단일로 - 기타,승용,여,51세,상해없음,보행자,여,17세,경상
349,2018032400100482,2018년 3월 24일 20시,토요일,충청남도 당진시 면천면,경상사고,0,0,1,0,차대사람 - 길가장자리구역통행중,안전운전불이행,포장 - 건조,맑음,단일로 - 기타,승용,남,55세,상해없음,보행자,여,70세,경상
350,2018032400100541,2018년 3월 24일 23시,토요일,충청남도 천안시 서북구 성정동,중상사고,0,1,0,0,차대사람 - 기타,안전운전불이행,포장 - 건조,맑음,단일로 - 기타,화물,남,56세,상해없음,보행자,여,31세,중상
351,2018032500100066,2018년 3월 25일 07시,일요일,충청남도 논산시 상월면,사망사고,1,0,0,0,차대사람 - 기타,안전운전불이행,포장 - 건조,맑음,단일로 - 기타,화물,남,52세,상해없음,보행자,여,76세,사망
352,2018032500100088,2018년 3월 25일 09시,일요일,충청남도 천안시 서북구 쌍용동,경상사고,0,0,1,0,차대사람 - 횡단중,보행자보호의무위반,포장 - 건조,맑음,교차로 - 교차로횡단보도내,승용,남,53세,상해없음,보행자,남,57세,경상
353,2018032500100171,2018년 3월 25일 13시,일요일,충청남도 홍성군 홍동면,중상사고,0,1,0,0,차대사람 - 길가장자리구역통행중,안전운전불이행,포장 - 건조,맑음,단일로 - 기타,승용,여,47세,상해없음,보행자,남,84세,중상
354,2018032500100228,2018년 3월 25일 15시,일요일,충청남도 보령시 신흑동,경상사고,0,0,1,0,차대사람 - 기타,안전운전불이행,포장 - 건조,흐림,단일로 - 기타,승용,남,25세,상해없음,보행자,남,17세,경상
355,2018032500100285,2018년 3월 25일 17시,일요일,충청남도 당진시 읍내리,중상사고,0,1,0,0,차대사람 - 차도통행중,안전운전불이행,포장 - 건조,맑음,주차장 - 주차장,승용,여,51세,상해없음,보행자,여,9세,중상
356,2018032500100333,2018년 3월 25일 19시,일요일,충청남도 서산시 동문동,중상사고,0,1,0,0,차대사람 - 기타,안전운전불이행,포장 - 건조,맑음,교차로 - 교차로부근,화물,남,37세,상해없음,보행자,남,59세,중상
357,2018032500100392,2018년 3월 25일 21시,일요일,충청남도 당진시 송산면,경상사고,0,0,1,0,차대사람 - 길가장자리구역통행중,안전운전불이행,포장 - 젖음/습기,안개,단일로 - 기타,승용,남,29세,상해없음,보행자,남,32세,경상
358,2018032600100059,2018년 3월 26일 07시,월요일,충청남도 아산시 배방읍,경상사고,0,0,1,0,차대사람 - 횡단중,안전운전불이행,포장 - 기타,안개,단일로 - 기타,승합,남,47세,상해없음,보행자,남,15세,경상
359,2018032600100091,2018년 3월 26일 08시,월요일,충청남도 보령시 화산동,경상사고,0,0,1,0,차대사람 - 횡단중,안전운전불이행,포장 - 건조,맑음,교차로 - 교차로부근,승용,여,44세,상해없음,보행자,여,11세,경상
360,2018032600100159,2018년 3월 26일 10시,월요일,충청남도 당진시 읍내리,중상사고,0,1,0,0,차대사람 - 기타,안전운전불이행,포장 - 건조,맑음,기타 - 기타,승용,남,29세,상해없음,보행자,여,70세,중상
361,2018032600100192,2018년 3월 26일 11시,월요일,충청남도 아산시 온천동,경상사고,0,0,1,0,차대사람 - 기타,안전운전불이행,포장 - 건조,맑음,주차장 - 주차장,기타불명,기타불명,미분류,기타불명,보행자,여,77세,경상
362,2018032600100222,2018년 3월 26일 12시,월요일,충청남도 논산시 강경읍,사망사고,1,0,0,0,차대사람 - 횡단중,안전운전불이행,포장 - 건조,맑음,교차로 - 교차로안,화물,여,54세,상해없음,보행자,여,64세,사망
363,2018032600100390,2018년 3월 26일 17시,월요일,충청남도 논산시 화지동,중상사고,0,1,0,0,차대사람 - 길가장자리구역통행중,안전운전불이행,포장 - 건조,맑음,교차로 - 교차로안,화물,남,64세,상해없음,보행자,여,58세,중상
364,2018032600100391,2018년 3월 26일 17시,월요일,충청남도 청양군 청양읍,중상사고,0,1,0,0,차대사람 - 기타,안전운전불이행,포장 - 건조,맑음,단일로 - 기타,승용,남,21세,상해없음,보행자,남,23세,중상
365,2018032700100138,2018년 3월 27일 09시,화요일,충청남도 논산시 취암동,경상사고,0,0,1,0,차대사람 - 횡단중,안전운전불이행,포장 - 건조,맑음,교차로 - 교차로안,승용,남,49세,상해없음,보행자,여,81세,경상
366,2018032700100360,2018년 3월 27일 17시,화요일,충청남도 당진시 읍내리,경상사고,0,0,1,0,차대사람 - 횡단중,안전운전불이행,포장 - 건조,맑음,교차로 - 교차로안,승용,여,40세,상해없음,보행자,여,39세,경상
367,2018032700100419,2018년 3월 27일 19시,화요일,충청남도 공주시 신관동,경상사고,0,0,1,0,차대사람 - 차도통행중,안전운전불이행,포장 - 건조,흐림,교차로 - 교차로안,승용,여,53세,상해없음,보행자,남,57세,경상
368,2018032700100482,2018년 3월 27일 21시,화요일,충청남도 천안시 동남구 신부동,경상사고,0,0,1,0,차대사람 - 횡단중,보행자보호의무위반,포장 - 건조,맑음,단일로 - 기타,이륜,남,25세,상해없음,보행자,여,22세,경상
369,2018032800100292,2018년 3월 28일 14시,수요일,충청남도 아산시 온천동,경상사고,0,0,1,0,차대사람 - 횡단중,보행자보호의무위반,포장 - 건조,맑음,단일로 - 기타,승용,남,59세,상해없음,보행자,남,11세,경상
370,2018032800100329,2018년 3월 28일 15시,수요일,충청남도 천안시 동남구 신부동,경상사고,0,0,1,0,차대사람 - 기타,안전운전불이행,포장 - 건조,맑음,기타 - 기타,승용,남,64세,상해없음,보행자,여,51세,경상
371,2018032900100151,2018년 3월 29일 09시,목요일,충청남도 부여군 규암면,중상사고,0,1,0,0,차대사람 - 횡단중,안전운전불이행,포장 - 건조,맑음,교차로 - 교차로안,승용,남,22세,상해없음,보행자,여,45세,중상
372,2018032900100523,2018년 3월 29일 20시,목요일,충청남도 청양군 청양읍,사망사고,1,0,0,0,차대사람 - 차도통행중,안전운전불이행,포장 - 건조,맑음,교차로 - 교차로안,승용,남,38세,상해없음,보행자,여,57세,사망
373,2018033000100010,2018년 3월 30일 00시,금요일,충청남도 천안시 서북구 성정동,부상신고사고,0,0,0,1,차대사람 - 기타,안전운전불이행,포장 - 건조,맑음,교차로 - 교차로부근,승용,남,27세,상해없음,보행자,여,19세,부상신고
374,2018033000100029,2018년 3월 30일 01시,금요일,충청남도 천안시 동남구 신부동,중상사고,0,1,1,1,차대사람 - 횡단중,중앙선침범,포장 - 건조,맑음,단일로 - 기타,승용,여,41세,부상신고,보행자,남,27세,중상
375,2018033000100311,2018년 3월 30일 14시,금요일,충청남도 서산시 동문동,사망사고,1,0,0,0,차대사람 - 횡단중,보행자보호의무위반,포장 - 건조,맑음,교차로 - 교차로부근,승합,남,40세,상해없음,보행자,여,70세,사망
376,2018033000100381,2018년 3월 30일 16시,금요일,충청남도 공주시 신관동,경상사고,0,0,1,0,차대사람 - 차도통행중,안전운전불이행,포장 - 건조,맑음,교차로 - 교차로안,승용,남,46세,상해없음,보행자,여,19세,경상
377,2018033000100621,2018년 3월 30일 22시,금요일,충청남도 천안시 서북구 두정동,경상사고,0,0,1,0,차대사람 - 기타,안전운전불이행,포장 - 건조,맑음,교차로 - 교차로안,승용,여,24세,상해없음,보행자,남,45세,경상
378,2018033100100017,2018년 3월 31일 00시,토요일,충청남도 천안시 동남구 신방동,경상사고,0,0,1,0,차대사람 - 기타,안전운전불이행,포장 - 건조,맑음,단일로 - 기타,승용,남,49세,상해없음,보행자,남,33세,경상
379,2018033100100117,2018년 3월 31일 08시,토요일,충청남도 천안시 동남구 구성동,경상사고,0,0,1,0,차대사람 - 기타,안전운전불이행,포장 - 건조,맑음,교차로 - 교차로부근,승용,여,45세,상해없음,보행자,남,72세,경상
380,2018033100100447,2018년 3월 31일 18시,토요일,충청남도 천안시 동남구 사직동,경상사고,0,0,1,0,차대사람 - 기타,안전운전불이행,포장 - 건조,맑음,교차로 - 교차로부근,승용,남,58세,상해없음,보행자,남,42세,경상
381,2018033100100513,2018년 3월 31일 20시,토요일,충청남도 아산시 음봉면,사망사고,1,0,0,0,차대사람 - 횡단중,안전운전불이행,포장 - 건조,맑음,단일로 - 기타,승용,남,30세,상해없음,보행자,남,67세,사망
382,2018033100100597,2018년 3월 31일 23시,토요일,충청남도 아산시 용화동,경상사고,0,0,1,0,차대사람 - 기타,안전운전불이행,포장 - 건조,맑음,교차로 - 교차로안,승용,여,46세,상해없음,보행자,남,25세,경상
383,2018040100100011,2018년 4월 1일 00시,일요일,충청남도 홍성군 홍성읍,중상사고,0,1,0,0,차대사람 - 횡단중,보행자보호의무위반,포장 - 건조,맑음,교차로 - 교차로횡단보도내,승용,남,27세,상해없음,보행자,남,16세,중상
384,2018040100100090,2018년 4월 1일 06시,일요일,충청남도 천안시 동남구 신부동,경상사고,0,0,1,0,차대사람 - 횡단중,안전운전불이행,포장 - 건조,맑음,교차로 - 교차로안,승용,남,53세,상해없음,보행자,여,45세,경상
385,2018040100100239,2018년 4월 1일 14시,일요일,충청남도 천안시 동남구 병천면,중상사고,0,1,0,0,차대사람 - 기타,안전운전불이행,포장 - 건조,맑음,단일로 - 기타,이륜,남,68세,상해없음,보행자,남,48세,중상
386,2018040200100081,2018년 4월 2일 07시,월요일,충청남도 천안시 동남구 청수동,중상사고,0,1,0,0,차대사람 - 차도통행중,중앙선침범,포장 - 건조,맑음,교차로 - 교차로부근,승용,남,61세,상해없음,보행자,남,78세,중상
387,2018040200100119,2018년 4월 2일 08시,월요일,충청남도 서천군 서천읍,중상사고,0,1,0,0,차대사람 - 보도통행중,보행자보호의무위반,포장 - 건조,맑음,교차로 - 교차로안,승용,여,51세,상해없음,보행자,여,52세,중상
388,2018040200100120,2018년 4월 2일 08시,월요일,충청남도 보령시 대천동,중상사고,0,1,0,0,차대사람 - 횡단중,안전운전불이행,포장 - 건조,맑음,단일로 - 기타,승용,남,57세,상해없음,보행자,남,41세,중상
389,2018040200100153,2018년 4월 2일 09시,월요일,충청남도 금산군 금산읍,경상사고,0,0,1,0,차대사람 - 기타,기타,포장 - 건조,맑음,단일로 - 기타,승합,남,48세,상해없음,보행자,여,83세,경상
390,2018040200100185,2018년 4월 2일 10시,월요일,충청남도 공주시 중학동,중상사고,0,1,0,0,차대사람 - 횡단중,보행자보호의무위반,포장 - 건조,맑음,단일로 - 기타,승용,남,33세,상해없음,보행자,여,68세,중상
391,2018040200100215,2018년 4월 2일 11시,월요일,충청남도 공주시 웅진동,중상사고,0,1,0,0,차대사람 - 기타,기타,포장 - 건조,맑음,단일로 - 기타,승합,남,48세,상해없음,보행자,남,81세,중상
392,2018040200100342,2018년 4월 2일 15시,월요일,충청남도 천안시 동남구 사직동,중상사고,0,1,0,0,차대사람 - 기타,안전운전불이행,포장 - 건조,맑음,단일로 - 기타,화물,남,58세,상해없음,보행자,남,51세,중상
393,2018040200100410,2018년 4월 2일 17시,월요일,충청남도 당진시 석문면,중상사고,0,1,0,0,차대사람 - 횡단중,안전운전불이행,포장 - 건조,맑음,단일로 - 기타,화물,남,68세,상해없음,보행자,여,61세,중상
394,2018040200100446,2018년 4월 2일 18시,월요일,충청남도 천안시 서북구 성정동,경상사고,0,0,1,0,차대사람 - 횡단중,보행자보호의무위반,포장 - 건조,맑음,교차로 - 교차로횡단보도내,승용,여,60세,상해없음,보행자,여,13세,경상
395,2018040200100494,2018년 4월 2일 19시,월요일,충청남도 당진시 원당리,경상사고,0,0,1,0,차대사람 - 보도통행중,보행자보호의무위반,포장 - 건조,맑음,교차로 - 교차로횡단보도내,승용,남,45세,상해없음,보행자,남,30세,경상
396,2018040300100034,2018년 4월 3일 03시,화요일,충청남도 천안시 서북구 성정동,경상사고,0,0,1,0,차대사람 - 차도통행중,안전운전불이행,포장 - 건조,흐림,단일로 - 기타,승용,남,23세,상해없음,보행자,남,30세,경상
397,2018040300100322,2018년 4월 3일 14시,화요일,충청남도 서산시 석림동,중상사고,0,1,0,0,차대사람 - 횡단중,안전운전불이행,포장 - 건조,맑음,교차로 - 교차로부근,승용,여,32세,상해없음,보행자,남,57세,중상
398,2018040300100392,2018년 4월 3일 16시,화요일,충청남도 당진시 채운동,경상사고,0,0,1,0,차대사람 - 기타,안전운전불이행,포장 - 건조,맑음,단일로 - 기타,승합,남,58세,상해없음,보행자,남,17세,경상
399,2018040300100606,2018년 4월 3일 22시,화요일,충청남도 공주시 봉황동,중상사고,0,1,0,0,차대사람 - 횡단중,보행자보호의무위반,포장 - 건조,맑음,단일로 - 기타,승용,남,31세,상해없음,보행자,남,23세,중상
400,2018040400100073,2018년 4월 4일 05시,수요일,충청남도 천안시 서북구 백석동,중상사고,0,1,0,0,차대사람 - 횡단중,안전운전불이행,포장 - 젖음/습기,비,단일로 - 기타,기타불명,기타불명,미분류,기타불명,보행자,여,31세,중상
401,2018040400100234,2018년 4월 4일 11시,수요일,충청남도 홍성군 광천읍,중상사고,0,1,0,0,차대사람 - 기타,안전운전불이행,포장 - 건조,맑음,단일로 - 기타,화물,남,80세,상해없음,보행자,여,75세,중상
402,2018040400100495,2018년 4월 4일 19시,수요일,충청남도 보령시 청소면,사망사고,1,0,0,0,차대사람 - 횡단중,안전운전불이행,포장 - 건조,맑음,단일로 - 기타,화물,남,49세,상해없음,보행자,여,56세,사망
403,2018040400100565,2018년 4월 4일 21시,수요일,충청남도 당진시 석문면,사망사고,1,1,0,0,차대사람 - 차도통행중,기타,포장 - 건조,맑음,단일로 - 기타,화물,남,36세,상해없음,보행자,여,64세,사망
404,2018040500100055,2018년 4월 5일 05시,목요일,충청남도 아산시 읍내동,사망사고,1,0,0,0,차대사람 - 기타,안전운전불이행,비포장 - 젖음/습기,비,교차로 - 교차로부근,승용,남,53세,상해없음,보행자,여,85세,사망
405,2018040500100149,2018년 4월 5일 09시,목요일,충청남도 공주시 계룡면,경상사고,0,0,1,0,차대사람 - 기타,기타,포장 - 건조,맑음,단일로 - 기타,승합,남,55세,상해없음,보행자,여,80세,경상
406,2018040500100210,2018년 4월 5일 11시,목요일,충청남도 논산시 강경읍,경상사고,0,0,1,0,차대사람 - 횡단중,안전운전불이행,포장 - 젖음/습기,비,교차로 - 교차로부근,화물,남,55세,상해없음,보행자,남,52세,경상
407,2018040500100318,2018년 4월 5일 15시,목요일,충청남도 천안시 서북구 성정동,중상사고,0,1,0,0,차대사람 - 횡단중,신호위반,포장 - 건조,맑음,교차로 - 교차로횡단보도내,승용,남,20세,상해없음,보행자,남,25세,중상
408,2018040500100465,2018년 4월 5일 19시,목요일,충청남도 당진시 읍내리,경상사고,0,0,1,0,차대사람 - 기타,안전운전불이행,포장 - 젖음/습기,비,교차로 - 교차로부근,승용,남,26세,상해없음,보행자,여,51세,경상
409,2018040500100621,2018년 4월 5일 22시,목요일,충청남도 아산시 탕정면,중상사고,0,1,0,0,차대사람 - 기타,안전운전불이행,포장 - 젖음/습기,비,단일로 - 기타,승용,남,45세,상해없음,보행자,여,19세,중상
410,2018040500100658,2018년 4월 5일 23시,목요일,충청남도 천안시 서북구 두정동,경상사고,0,0,1,0,차대사람 - 기타,안전운전불이행,포장 - 건조,맑음,단일로 - 기타,승용,남,30세,상해없음,보행자,남,48세,경상
411,2018040600100041,2018년 4월 6일 01시,금요일,충청남도 천안시 동남구 원성동,경상사고,0,0,2,0,차대사람 - 기타,안전운전불이행,포장 - 젖음/습기,비,단일로 - 기타,화물,남,56세,상해없음,보행자,남,53세,경상
412,2018040600100162,2018년 4월 6일 08시,금요일,충청남도 천안시 서북구 쌍용동,경상사고,0,0,1,0,차대사람 - 횡단중,보행자보호의무위반,포장 - 건조,맑음,교차로 - 교차로안,승용,남,37세,상해없음,보행자,여,18세,경상
413,2018040600100217,2018년 4월 6일 10시,금요일,충청남도 천안시 서북구 성성동,경상사고,0,0,1,0,차대사람 - 기타,안전운전불이행,포장 - 건조,맑음,단일로 - 기타,승용,남,38세,상해없음,보행자,남,49세,경상
414,2018040600100280,2018년 4월 6일 12시,금요일,충청남도 논산시 연무읍,중상사고,0,1,0,0,차대사람 - 횡단중,보행자보호의무위반,포장 - 건조,맑음,교차로 - 교차로횡단보도내,화물,남,57세,상해없음,보행자,남,74세,중상
415,2018040600100281,2018년 4월 6일 12시,금요일,충청남도 홍성군 홍성읍,중상사고,0,1,0,0,차대사람 - 길가장자리구역통행중,안전운전불이행,포장 - 건조,맑음,단일로 - 기타,승용,남,67세,상해없음,보행자,여,65세,중상
416,2018040600100573,2018년 4월 6일 21시,금요일,충청남도 천안시 서북구 쌍용동,경상사고,0,0,1,0,차대사람 - 차도통행중,안전운전불이행,포장 - 젖음/습기,흐림,교차로 - 교차로안,승용,남,36세,상해없음,보행자,여,50세,경상
417,2018040600100574,2018년 4월 6일 21시,금요일,충청남도 금산군 금산읍,경상사고,0,0,2,0,차대사람 - 횡단중,보행자보호의무위반,포장 - 젖음/습기,비,교차로 - 교차로횡단보도내,승용,남,46세,상해없음,보행자,남,56세,경상
418,2018040700100012,2018년 4월 7일 00시,토요일,충청남도 예산군 예산읍,중상사고,0,1,0,0,차대사람 - 기타,안전운전불이행,포장 - 건조,맑음,단일로 - 기타,승용,남,26세,상해없음,보행자,여,37세,중상
419,2018040700100411,2018년 4월 7일 16시,토요일,충청남도 부여군 부여읍,중상사고,0,1,0,0,차대사람 - 횡단중,안전운전불이행,포장 - 건조,맑음,단일로 - 기타,승용,남,74세,상해없음,보행자,여,68세,중상
420,2018040700100609,2018년 4월 7일 21시,토요일,충청남도 당진시 읍내리,중상사고,0,1,0,0,차대사람 - 차도통행중,안전운전불이행,포장 - 건조,맑음,단일로 - 기타,승용,남,27세,상해없음,보행자,남,44세,중상
421,2018040700100635,2018년 4월 7일 22시,토요일,충청남도 천안시 동남구 구성동,중상사고,0,1,1,0,차대사람 - 기타,안전운전불이행,포장 - 건조,맑음,단일로 - 기타,승용,남,34세,상해없음,보행자,남,52세,중상
422,2018040800100343,2018년 4월 8일 17시,일요일,충청남도 천안시 서북구 두정동,경상사고,0,0,1,0,차대사람 - 기타,안전운전불이행,포장 - 건조,맑음,단일로 - 기타,승용,여,45세,상해없음,보행자,여,20세,경상
423,2018040800100380,2018년 4월 8일 18시,일요일,충청남도 아산시 온천동,중상사고,0,1,0,0,차대사람 - 횡단중,보행자보호의무위반,포장 - 건조,맑음,교차로 - 교차로부근,승합,남,49세,상해없음,보행자,남,59세,중상
424,2018040800100444,2018년 4월 8일 20시,일요일,충청남도 천안시 동남구 북면,중상사고,0,1,0,0,차대사람 - 기타,안전운전불이행,포장 - 건조,맑음,교차로 - 교차로부근,기타불명,기타불명,미분류,기타불명,보행자,남,18세,중상
425,2018040900100298,2018년 4월 9일 13시,월요일,충청남도 공주시 반포면,경상사고,0,0,1,0,차대사람 - 차도통행중,안전운전불이행,포장 - 건조,맑음,기타 - 기타,승용,남,78세,상해없음,보행자,여,56세,경상
426,2018040900100329,2018년 4월 9일 14시,월요일,충청남도 부여군 부여읍,사망사고,1,0,0,0,차대사람 - 횡단중,안전운전불이행,포장 - 건조,맑음,교차로 - 교차로안,승용,남,28세,상해없음,보행자,여,74세,사망
427,2018040900100447,2018년 4월 9일 17시,월요일,충청남도 금산군 추부면,사망사고,1,0,0,0,차대사람 - 횡단중,신호위반,포장 - 건조,맑음,교차로 - 교차로안,승용,남,78세,상해없음,보행자,여,70세,사망
428,2018040900100536,2018년 4월 9일 19시,월요일,충청남도 예산군 고덕면,중상사고,0,1,0,0,차대사람 - 차도통행중,안전운전불이행,포장 - 건조,맑음,단일로 - 기타,승용,남,68세,상해없음,보행자,남,60세,중상
429,2018040900100609,2018년 4월 9일 21시,월요일,충청남도 당진시 읍내리,경상사고,0,0,1,0,차대사람 - 횡단중,안전운전불이행,포장 - 건조,맑음,교차로 - 교차로안,화물,남,42세,상해없음,보행자,여,51세,경상
430,2018041000100344,2018년 4월 10일 15시,화요일,충청남도 서산시 대산읍,중상사고,0,1,0,0,차대사람 - 횡단중,안전운전불이행,포장 - 건조,맑음,단일로 - 기타,승용,여,55세,상해없음,보행자,여,9세,중상
431,2018041000100411,2018년 4월 10일 17시,화요일,충청남도 예산군 예산읍,경상사고,0,0,1,0,차대사람 - 기타,안전운전불이행,포장 - 건조,맑음,단일로 - 기타,승용,여,74세,상해없음,보행자,남,62세,경상
432,2018041000100494,2018년 4월 10일 19시,화요일,충청남도 천안시 동남구 안서동,경상사고,0,0,1,0,차대사람 - 횡단중,보행자보호의무위반,포장 - 건조,맑음,교차로 - 교차로안,승용,여,53세,상해없음,보행자,여,29세,경상
433,2018041000100576,2018년 4월 10일 21시,화요일,충청남도 당진시 합덕읍,중상사고,0,1,0,0,차대사람 - 횡단중,안전운전불이행,포장 - 젖음/습기,비,교차로 - 교차로부근,승용,남,47세,상해없음,보행자,남,68세,중상