,사고번호,사고일시,요일,시군구,사고내용,사망자수,중상자수,경상자수,부상신고자수,사고유형,법규위반,노면상태,기상상태,도로형태,가해운전자 차종,가해운전자 성별,가해운전자 연령,가해운전자 상해정도,피해운전자 차종,피해운전자 성별,피해운전자 연령,피해운전자 상해정도
650,2018052900100102,2018년 5월 29일 08시,화요일,충청남도 논산시 취암동,중상사고,0,1,0,0,차대사람 - 횡단중,신호위반,포장 - 건조,맑음,단일로 - 기타,승용,여,31세,상해없음,보행자,여,15세,중상
651,2018052900100141,2018년 5월 29일 09시,화요일,충청남도 천안시 동남구 대흥동,경상사고,0,0,1,0,차대사람 - 기타,안전운전불이행,포장 - 건조,맑음,단일로 - 기타,기타불명,기타불명,미분류,기타불명,보행자,남,82세,경상
652,2018052900100322,2018년 5월 29일 15시,화요일,충청남도 당진시 송악읍,사망사고,1,0,0,0,차대사람 - 횡단중,안전운전불이행,포장 - 건조,맑음,교차로 - 교차로안,화물,남,51세,상해없음,보행자,여,59세,사망
653,2018053000100365,2018년 5월 30일 15시,수요일,충청남도 당진시 합덕읍,경상사고,0,0,1,0,차대사람 - 횡단중,보행자보호의무위반,포장 - 건조,맑음,교차로 - 교차로횡단보도내,화물,남,62세,상해없음,보행자,남,7세,경상
654,2018053000100410,2018년 5월 30일 16시,수요일,충청남도 홍성군 홍북읍,경상사고,0,0,1,0,차대사람 - 기타,안전운전불이행,포장 - 건조,맑음,단일로 - 기타,승용,여,46세,상해없음,보행자,남,4세,경상
655,2018053000100496,2018년 5월 30일 18시,수요일,충청남도 아산시 탕정면,중상사고,0,1,0,0,차대사람 - 횡단중,안전운전불이행,포장 - 건조,맑음,단일로 - 기타,승용,남,49세,상해없음,보행자,여,6세,중상
656,2018053000100587,2018년 5월 30일 21시,수요일,충청남도 천안시 서북구 쌍용동,부상신고사고,0,0,0,1,차대사람 - 보도통행중,기타,포장 - 건조,맑음,단일로 - 기타,승용,남,47세,상해없음,보행자,남,24세,부상신고
657,2018053100100034,2018년 5월 31일 02시,목요일,충청남도 아산시 용화동,경상사고,0,0,1,0,차대사람 - 기타,안전운전불이행,포장 - 건조,맑음,기타 - 기타,승용,여,57세,상해없음,보행자,여,64세,경상
658,2018053100100233,2018년 5월 31일 10시,목요일,충청남도 태안군 남면,중상사고,0,1,0,0,차대사람 - 기타,안전운전불이행,포장 - 건조,맑음,주차장 - 주차장,화물,남,41세,상해없음,보행자,여,86세,중상
659,2018053100100490,2018년 5월 31일 17시,목요일,충청남도 공주시 우성면,중상사고,0,1,0,0,차대사람 - 기타,안전운전불이행,포장 - 건조,맑음,단일로 - 기타,화물,남,47세,상해없음,보행자,여,82세,중상
660,2018053100100537,2018년 5월 31일 18시,목요일,충청남도 홍성군 홍성읍,경상사고,0,0,1,0,차대사람 - 차도통행중,안전운전불이행,포장 - 건조,맑음,단일로 - 기타,승용,남,44세,상해없음,보행자,남,3세,경상
661,2018053100100538,2018년 5월 31일 18시,목요일,충청남도 당진시 송악읍,경상사고,0,0,1,0,차대사람 - 기타,안전운전불이행,포장 - 건조,맑음,단일로 - 기타,승합,남,59세,상해없음,보행자,남,59세,경상
662,2018053100100608,2018년 5월 31일 20시,목요일,충청남도 천안시 동남구 봉명동,중상사고,0,1,0,0,차대사람 - 횡단중,보행자보호의무위반,포장 - 건조,맑음,교차로 - 교차로횡단보도내,승용,남,51세,상해없음,보행자,남,61세,중상
663,2018060100100069,2018년 6월 1일 05시,금요일,충청남도 서산시 읍내동,중상사고,0,1,0,0,차대사람 - 보도통행중,보행자보호의무위반,포장 - 건조,맑음,교차로 - 교차로횡단보도내,승용,여,54세,상해없음,보행자,여,75세,중상
664,2018060100100097,2018년 6월 1일 07시,금요일,충청남도 공주시 금학동,경상사고,0,0,1,0,차대사람 - 횡단중,신호위반,포장 - 건조,맑음,교차로 - 교차로안,승용,여,33세,상해없음,보행자,남,7세,경상
665,2018060100100243,2018년 6월 1일 11시,금요일,충청남도 천안시 서북구 두정동,경상사고,0,0,1,0,차대사람 - 기타,안전운전불이행,포장 - 건조,맑음,단일로 - 기타,승합,남,49세,상해없음,보행자,남,74세,경상
666,2018060100100309,2018년 6월 1일 13시,금요일,충청남도 천안시 동남구 봉명동,중상사고,0,1,0,0,차대사람 - 기타,안전운전불이행,포장 - 건조,맑음,교차로 - 교차로안,승용,남,69세,상해없음,보행자,남,59세,중상
667,2018060100100386,2018년 6월 1일 15시,금요일,충청남도 서천군 서천읍,경상사고,0,0,1,0,차대사람 - 횡단중,보행자보호의무위반,포장 - 건조,맑음,교차로 - 교차로안,승용,여,21세,상해없음,보행자,남,11세,경상
668,2018060200100030,2018년 6월 2일 01시,토요일,충청남도 천안시 서북구 두정동,중상사고,0,1,0,0,차대사람 - 차도통행중,안전운전불이행,포장 - 건조,맑음,단일로 - 기타,승합,남,30세,상해없음,보행자,남,20세,중상
669,2018060200100182,2018년 6월 2일 10시,토요일,충청남도 서산시 예천동,경상사고,0,0,1,0,차대사람 - 횡단중,보행자보호의무위반,포장 - 건조,맑음,교차로 - 교차로부근,승용,남,54세,상해없음,보행자,여,38세,경상
670,2018060200100565,2018년 6월 2일 18시,토요일,충청남도 당진시 송악읍,경상사고,0,0,1,0,차대사람 - 기타,안전운전불이행,포장 - 건조,맑음,단일로 - 기타,승용,여,47세,상해없음,보행자,여,19세,경상
671,2018060200100593,2018년 6월 2일 19시,토요일,충청남도 보령시 웅천읍,경상사고,0,0,1,0,차대사람 - 차도통행중,안전운전불이행,포장 - 건조,맑음,기타 - 기타,승용,여,63세,상해없음,보행자,여,58세,경상
672,2018060200100613,2018년 6월 2일 20시,토요일,충청남도 천안시 서북구 불당동,경상사고,0,0,1,0,차대사람 - 횡단중,보행자보호의무위반,포장 - 건조,맑음,단일로 - 기타,승용,여,46세,상해없음,보행자,남,49세,경상
673,2018060200100703,2018년 6월 2일 23시,토요일,충청남도 논산시 취암동,경상사고,0,0,1,0,차대사람 - 기타,안전운전불이행,포장 - 건조,맑음,교차로 - 교차로부근,승용,남,31세,상해없음,보행자,남,49세,경상
674,2018060300100212,2018년 6월 3일 13시,일요일,충청남도 보령시 신흑동,중상사고,0,1,0,0,차대사람 - 기타,안전운전불이행,포장 - 건조,맑음,기타 - 기타,승용,남,56세,상해없음,보행자,남,21세,중상
675,2018060300100214,2018년 6월 3일 13시,일요일,충청남도 천안시 동남구 사직동,경상사고,0,0,1,0,차대사람 - 기타,안전운전불이행,포장 - 건조,맑음,단일로 - 기타,승용,남,61세,상해없음,보행자,남,41세,경상
676,2018060400100313,2018년 6월 4일 13시,월요일,충청남도 예산군 삽교읍,경상사고,0,0,1,0,차대사람 - 기타,안전운전불이행,포장 - 건조,맑음,교차로 - 교차로부근,화물,남,66세,상해없음,보행자,여,61세,경상
677,2018060400100507,2018년 6월 4일 18시,월요일,충청남도 천안시 서북구 성정동,경상사고,0,0,1,0,차대사람 - 기타,안전운전불이행,포장 - 건조,맑음,기타 - 기타,화물,남,48세,상해없음,보행자,여,45세,경상
678,2018060400100509,2018년 6월 4일 18시,월요일,충청남도 당진시 읍내리,중상사고,0,1,0,0,차대사람 - 기타,안전운전불이행,포장 - 건조,맑음,단일로 - 기타,승용,여,58세,상해없음,보행자,남,58세,중상
679,2018060400100623,2018년 6월 4일 22시,월요일,충청남도 계룡시 금암동,경상사고,0,0,1,0,차대사람 - 횡단중,신호위반,포장 - 건조,맑음,교차로 - 교차로횡단보도내,승용,여,43세,상해없음,보행자,여,13세,경상
680,2018060500100258,2018년 6월 5일 12시,화요일,충청남도 논산시 관촉동,중상사고,0,1,0,0,차대사람 - 기타,안전운전불이행,포장 - 건조,맑음,단일로 - 기타,자전거,남,71세,상해없음,보행자,여,61세,중상
681,2018060500100362,2018년 6월 5일 15시,화요일,충청남도 당진시 채운동,경상사고,0,0,1,0,차대사람 - 보도통행중,보행자보호의무위반,포장 - 건조,맑음,단일로 - 기타,승용,남,45세,상해없음,보행자,남,9세,경상
682,2018060500100510,2018년 6월 5일 18시,화요일,충청남도 보령시 신흑동,중상사고,0,1,0,0,차대사람 - 기타,안전운전불이행,포장 - 건조,맑음,기타 - 기타,화물,기타불명,미분류,기타불명,보행자,남,71세,중상
683,2018060500100575,2018년 6월 5일 20시,화요일,충청남도 천안시 동남구 다가동,중상사고,0,1,0,0,차대사람 - 보도통행중,안전운전불이행,포장 - 건조,맑음,단일로 - 기타,승용,남,45세,기타불명,보행자,여,45세,중상
684,2018060600100150,2018년 6월 6일 09시,수요일,충청남도 천안시 동남구 병천면,경상사고,0,0,1,0,차대사람 - 차도통행중,안전운전불이행,포장 - 건조,맑음,단일로 - 기타,승용,여,52세,상해없음,보행자,남,64세,경상
685,2018060600100453,2018년 6월 6일 18시,수요일,충청남도 공주시 의당면,경상사고,0,0,1,0,차대사람 - 차도통행중,안전운전불이행,포장 - 건조,맑음,교차로 - 교차로부근,승용,여,52세,상해없음,보행자,남,25세,경상
686,2018060700100075,2018년 6월 7일 07시,목요일,충청남도 천안시 동남구 목천읍,경상사고,0,0,1,0,차대사람 - 길가장자리구역통행중,안전운전불이행,포장 - 건조,맑음,단일로 - 기타,승용,여,55세,상해없음,보행자,남,11세,경상
687,2018060700100149,2018년 6월 7일 09시,목요일,충청남도 천안시 서북구 성정동,경상사고,0,0,1,0,차대사람 - 기타,안전운전불이행,포장 - 건조,맑음,교차로 - 교차로안,승용,남,49세,상해없음,보행자,남,81세,경상
688,2018060700100275,2018년 6월 7일 13시,목요일,충청남도 금산군 남일면,경상사고,0,0,1,0,차대사람 - 기타,안전운전불이행,포장 - 건조,맑음,단일로 - 기타,승합,남,58세,상해없음,보행자,남,80세,경상
689,2018060700100513,2018년 6월 7일 20시,목요일,충청남도 당진시 수청리,경상사고,0,0,1,0,차대사람 - 기타,안전운전불이행,포장 - 건조,맑음,단일로 - 기타,승합,남,52세,상해없음,보행자,남,58세,경상
690,2018060800100121,2018년 6월 8일 08시,금요일,충청남도 논산시 성동면,중상사고,0,1,0,0,차대사람 - 횡단중,안전운전불이행,포장 - 건조,맑음,단일로 - 기타,원동기,남,83세,상해없음,보행자,여,66세,중상
691,2018060800100175,2018년 6월 8일 09시,금요일,충청남도 천안시 동남구 원성동,중상사고,0,1,0,0,차대사람 - 횡단중,안전운전불이행,포장 - 건조,맑음,교차로 - 교차로안,승용,남,19세,상해없음,보행자,남,80세,중상
692,2018060800100276,2018년 6월 8일 12시,금요일,충청남도 당진시 읍내리,중상사고,0,1,0,0,차대사람 - 기타,안전운전불이행,포장 - 건조,맑음,단일로 - 기타,화물,남,44세,상해없음,보행자,여,27세,중상
693,2018060800100472,2018년 6월 8일 17시,금요일,충청남도 천안시 서북구 백석동,중상사고,0,1,0,0,차대사람 - 횡단중,보행자보호의무위반,포장 - 건조,맑음,교차로 - 교차로안,승용,남,63세,상해없음,보행자,여,11세,중상
694,2018060800100528,2018년 6월 8일 18시,금요일,충청남도 아산시 모종동,경상사고,0,0,1,0,차대사람 - 기타,안전운전불이행,포장 - 건조,맑음,단일로 - 기타,승용,여,31세,상해없음,보행자,여,31세,경상
695,2018060800100601,2018년 6월 8일 20시,금요일,충청남도 서산시 석림동,중상사고,0,1,0,0,차대사람 - 횡단중,안전운전불이행,포장 - 건조,맑음,교차로 - 교차로안,승용,남,29세,상해없음,보행자,여,84세,중상
696,2018060900100143,2018년 6월 9일 09시,토요일,충청남도 홍성군 광천읍,중상사고,0,1,0,0,차대사람 - 기타,안전운전불이행,포장 - 건조,맑음,단일로 - 기타,화물,남,51세,상해없음,보행자,여,75세,중상
697,2018060900100289,2018년 6월 9일 13시,토요일,충청남도 당진시 송악읍,경상사고,0,0,1,0,차대사람 - 기타,안전운전불이행,포장 - 건조,맑음,주차장 - 주차장,승용,남,61세,상해없음,보행자,여,42세,경상
698,2018060900100501,2018년 6월 9일 19시,토요일,충청남도 서산시 동문동,부상신고사고,0,0,0,1,차대사람 - 횡단중,안전운전불이행,포장 - 건조,맑음,교차로 - 교차로안,승용,남,63세,상해없음,보행자,남,44세,부상신고
699,2018061000100131,2018년 6월 10일 09시,일요일,충청남도 당진시 송악읍,경상사고,0,0,1,0,차대사람 - 기타,안전운전불이행,포장 - 건조,맑음,단일로 - 기타,승용,남,55세,상해없음,보행자,남,36세,경상
700,2018061100100176,2018년 6월 11일 10시,월요일,충청남도 아산시 배방읍,중상사고,0,1,0,0,차대사람 - 횡단중,신호위반,포장 - 건조,맑음,교차로 - 교차로횡단보도내,건설기계,남,45세,상해없음,보행자,남,78세,중상
701,2018061100100204,2018년 6월 11일 11시,월요일,충청남도 서천군 장항읍,중상사고,0,1,0,0,차대사람 - 기타,안전운전불이행,포장 - 건조,맑음,단일로 - 기타,승용,여,63세,상해없음,보행자,남,76세,중상
702,2018061200100112,2018년 6월 12일 08시,화요일,충청남도 아산시 음봉면,중상사고,0,1,0,0,차대사람 - 횡단중,안전운전불이행,포장 - 건조,맑음,기타 - 기타,승용,여,25세,상해없음,보행자,남,55세,중상
703,2018061200100113,2018년 6월 12일 08시,화요일,충청남도 공주시 신관동,경상사고,0,0,1,0,차대사람 - 보도통행중,보행자보호의무위반,포장 - 건조,맑음,교차로 - 교차로부근,승용,남,61세,상해없음,보행자,여,7세,경상
704,2018061200100283,2018년 6월 12일 13시,화요일,충청남도 예산군 신양면,중상사고,0,1,0,0,차대사람 - 기타,안전운전불이행,포장 - 건조,맑음,기타 - 기타,화물,여,50세,상해없음,보행자,여,90세 이상,중상
705,2018061200100433,2018년 6월 12일 17시,화요일,충청남도 아산시 배방읍,중상사고,0,1,0,0,차대사람 - 기타,안전운전불이행,포장 - 건조,맑음,교차로 - 교차로횡단보도내,승용,여,46세,상해없음,보행자,남,8세,중상
706,2018061200100434,2018년 6월 12일 17시,화요일,충청남도 태안군 태안읍,중상사고,0,1,0,0,차대사람 - 횡단중,보행자보호의무위반,포장 - 건조,맑음,교차로 - 교차로안,승용,여,50세,상해없음,보행자,여,68세,중상
707,2018061200100601,2018년 6월 12일 21시,화요일,충청남도 아산시 신창면,중상사고,0,1,0,0,차대사람 - 기타,안전운전불이행,포장 - 건조,맑음,단일로 - 기타,승용,남,29세,상해없음,보행자,남,44세,중상
708,2018061200100634,2018년 6월 12일 22시,화요일,충청남도 천안시 서북구 불당동,중상사고,0,1,0,0,차대사람 - 보도통행중,기타,포장 - 건조,맑음,단일로 - 기타,자전거,남,14세,기타불명,보행자,남,26세,중상
709,2018061300100181,2018년 6월 13일 10시,수요일,충청남도 예산군 예산읍,중상사고,0,1,0,0,차대사람 - 차도통행중,안전운전불이행,포장 - 건조,맑음,단일로 - 기타,이륜,여,68세,상해없음,보행자,여,63세,중상
710,2018061300100203,2018년 6월 13일 11시,수요일,충청남도 천안시 동남구 신방동,중상사고,0,1,0,0,차대사람 - 기타,안전운전불이행,포장 - 건조,맑음,교차로 - 교차로안,승용,남,63세,기타불명,보행자,여,59세,중상
711,2018061300100503,2018년 6월 13일 20시,수요일,충청남도 서산시 예천동,중상사고,0,1,0,0,차대사람 - 횡단중,보행자보호의무위반,포장 - 건조,맑음,교차로 - 교차로횡단보도내,이륜,남,17세,상해없음,보행자,남,29세,중상
712,2018061300100567,2018년 6월 13일 23시,수요일,충청남도 서산시 성연면,중상사고,0,1,0,0,차대사람 - 횡단중,안전운전불이행,포장 - 건조,맑음,교차로 - 교차로부근,승용,남,41세,상해없음,보행자,남,55세,중상
713,2018061400100376,2018년 6월 14일 16시,목요일,충청남도 아산시 용화동,사망사고,1,0,0,0,차대사람 - 횡단중,보행자보호의무위반,포장 - 건조,맑음,단일로 - 기타,승용,여,35세,상해없음,보행자,여,76세,사망
714,2018061400100421,2018년 6월 14일 17시,목요일,충청남도 서산시 동문동,중상사고,0,1,0,0,차대사람 - 기타,안전운전불이행,포장 - 건조,맑음,기타 - 기타,원동기,여,17세,상해없음,보행자,여,55세,중상
715,2018061400100422,2018년 6월 14일 17시,목요일,충청남도 금산군 추부면,중상사고,0,1,0,0,차대사람 - 횡단중,안전운전불이행,포장 - 건조,맑음,단일로 - 기타,승용,남,46세,상해없음,보행자,남,52세,중상
716,2018061400100620,2018년 6월 14일 22시,목요일,충청남도 당진시 송악읍,중상사고,0,1,0,0,차대사람 - 기타,안전운전불이행,포장 - 건조,맑음,단일로 - 기타,기타불명,기타불명,미분류,기타불명,보행자,남,29세,중상
717,2018061400100641,2018년 6월 14일 23시,목요일,충청남도 홍성군 홍성읍,중상사고,0,2,0,0,차대사람 - 차도통행중,안전운전불이행,포장 - 건조,맑음,단일로 - 기타,이륜,남,20세,중상,보행자,남,46세,중상
718,2018061500100229,2018년 6월 15일 12시,금요일,충청남도 천안시 서북구 성정동,경상사고,0,0,1,0,차대사람 - 기타,안전운전불이행,포장 - 건조,맑음,교차로 - 교차로부근,승용,남,44세,상해없음,보행자,남,49세,경상
719,2018061500100230,2018년 6월 15일 12시,금요일,충청남도 금산군 금산읍,중상사고,0,1,0,0,차대사람 - 기타,안전운전불이행,포장 - 건조,맑음,기타 - 기타,승용,여,49세,상해없음,보행자,남,46세,중상
720,2018061500100438,2018년 6월 15일 17시,금요일,충청남도 천안시 서북구 불당동,경상사고,0,0,1,0,차대사람 - 횡단중,보행자보호의무위반,포장 - 건조,맑음,교차로 - 교차로안,승용,남,43세,상해없음,보행자,여,36세,경상
721,2018061500100440,2018년 6월 15일 17시,금요일,충청남도 논산시 양촌면,중상사고,0,1,0,0,차대사람 - 횡단중,안전운전불이행,포장 - 건조,맑음,교차로 - 교차로부근,화물,여,38세,상해없음,보행자,여,70세,중상
722,2018061500100603,2018년 6월 15일 21시,금요일,충청남도 아산시 온천동,중상사고,0,1,0,0,차대사람 - 횡단중,중앙선침범,포장 - 기타,맑음,단일로 - 기타,이륜,남,15세,상해없음,보행자,남,51세,중상
723,2018061600100009,2018년 6월 16일 00시,토요일,충청남도 공주시 신관동,중상사고,0,1,0,0,차대사람 - 기타,안전운전불이행,비포장 - 건조,맑음,단일로 - 기타,승용,남,33세,상해없음,보행자,남,41세,중상
724,2018061600100219,2018년 6월 16일 12시,토요일,충청남도 천안시 동남구 풍세면,경상사고,0,0,1,0,차대사람 - 보도통행중,안전운전불이행,포장 - 건조,맑음,단일로 - 기타,승용,남,66세,상해없음,보행자,남,60세,경상
725,2018061600100292,2018년 6월 16일 14시,토요일,충청남도 천안시 서북구 쌍용동,경상사고,0,0,1,0,차대사람 - 횡단중,보행자보호의무위반,포장 - 건조,맑음,교차로 - 교차로안,승용,남,46세,상해없음,보행자,남,72세,경상
726,2018061600100293,2018년 6월 16일 14시,토요일,충청남도 보령시 신흑동,중상사고,0,1,0,0,차대사람 - 횡단중,안전운전불이행,포장 - 건조,맑음,단일로 - 기타,승용,여,40세,상해없음,보행자,남,51세,중상
727,2018061600100294,2018년 6월 16일 14시,토요일,충청남도 보령시 오천면,중상사고,0,1,0,0,차대사람 - 횡단중,안전운전불이행,포장 - 건조,맑음,단일로 - 기타,승용,남,57세,상해없음,보행자,남,49세,중상
728,2018061600100463,2018년 6월 16일 18시,토요일,충청남도 공주시 옥룡동,경상사고,0,0,1,0,차대사람 - 기타,안전운전불이행,포장 - 건조,맑음,단일로 - 기타,승용,남,61세,기타불명,보행자,여,51세,경상
729,2018061600100532,2018년 6월 16일 20시,토요일,충청남도 천안시 동남구 용곡동,경상사고,0,0,1,0,차대사람 - 기타,안전운전불이행,포장 - 건조,맑음,기타 - 기타,승용,남,39세,상해없음,보행자,남,57세,경상
730,2018061700100012,2018년 6월 17일 00시,일요일,충청남도 당진시 원당리,중상사고,0,1,0,0,차대사람 - 길가장자리구역통행중,안전운전불이행,포장 - 건조,맑음,단일로 - 기타,승용,남,28세,상해없음,보행자,여,17세,중상
731,2018061700100046,2018년 6월 17일 02시,일요일,충청남도 천안시 서북구 두정동,경상사고,0,0,1,0,차대사람 - 기타,안전운전불이행,포장 - 건조,맑음,교차로 - 교차로안,승용,남,25세,상해없음,보행자,남,28세,경상
732,2018061700100157,2018년 6월 17일 11시,일요일,충청남도 홍성군 홍성읍,경상사고,0,0,1,0,차대사람 - 차도통행중,안전운전불이행,포장 - 건조,맑음,단일로 - 기타,승용,남,55세,상해없음,보행자,남,7세,경상
733,2018061700100284,2018년 6월 17일 16시,일요일,충청남도 천안시 동남구 신방동,중상사고,0,1,0,0,차대사람 - 차도통행중,안전운전불이행,포장 - 건조,맑음,단일로 - 기타,승용,남,31세,상해없음,보행자,남,53세,중상
734,2018061700100312,2018년 6월 17일 17시,일요일,충청남도 공주시 금학동,중상사고,0,1,0,0,차대사람 - 횡단중,보행자보호의무위반,포장 - 건조,맑음,교차로 - 교차로안,화물,남,67세,상해없음,보행자,여,14세,중상
735,2018061700100429,2018년 6월 17일 21시,일요일,충청남도 논산시 반월동,중상사고,0,1,0,0,차대사람 - 기타,안전운전불이행,포장 - 건조,맑음,단일로 - 기타,승용,남,50세,상해없음,보행자,여,47세,중상
736,2018061800100158,2018년 6월 18일 09시,월요일,충청남도 천안시 서북구 두정동,중상사고,0,1,1,0,차대사람 - 횡단중,보행자보호의무위반,포장 - 건조,맑음,단일로 - 기타,화물,남,56세,상해없음,보행자,여,68세,중상
737,2018061800100159,2018년 6월 18일 09시,월요일,충청남도 천안시 서북구 직산읍,중상사고,0,1,0,0,차대사람 - 길가장자리구역통행중,안전운전불이행,포장 - 건조,맑음,단일로 - 기타,승용,남,20세,상해없음,보행자,여,46세,중상
738,2018061800100261,2018년 6월 18일 12시,월요일,충청남도 논산시 연무읍,중상사고,0,1,0,0,차대사람 - 횡단중,보행자보호의무위반,포장 - 건조,맑음,교차로 - 교차로횡단보도내,승용,남,44세,상해없음,보행자,여,85세,중상
739,2018061800100593,2018년 6월 18일 20시,월요일,충청남도 서산시 오남동,중상사고,0,1,0,0,차대사람 - 차도통행중,안전운전불이행,포장 - 건조,맑음,단일로 - 기타,승용,남,69세,상해없음,보행자,남,26세,중상
740,2018061800100595,2018년 6월 18일 20시,월요일,충청남도 천안시 동남구 신부동,경상사고,0,0,1,0,차대사람 - 기타,안전운전불이행,포장 - 건조,맑음,단일로 - 기타,승용,남,29세,상해없음,보행자,여,30세,경상
741,2018061900100020,2018년 6월 19일 02시,화요일,충청남도 공주시 신관동,중상사고,0,1,0,0,차대사람 - 기타,안전운전불이행,포장 - 건조,맑음,기타 - 기타,승용,남,21세,상해없음,보행자,남,56세,중상
742,2018061900100106,2018년 6월 19일 08시,화요일,충청남도 부여군 충화면,중상사고,0,1,0,0,차대사람 - 기타,안전운전불이행,포장 - 건조,맑음,단일로 - 기타,승용,여,54세,상해없음,보행자,남,37세,중상
743,2018062000100102,2018년 6월 20일 08시,수요일,충청남도 천안시 서북구 성정동,경상사고,0,0,1,0,차대사람 - 기타,안전운전불이행,포장 - 건조,맑음,단일로 - 기타,승용,남,29세,상해없음,보행자,여,55세,경상
744,2018062000100394,2018년 6월 20일 17시,수요일,충청남도 홍성군 홍성읍,중상사고,0,1,0,0,차대사람 - 횡단중,보행자보호의무위반,포장 - 건조,맑음,교차로 - 교차로횡단보도내,화물,남,77세,상해없음,보행자,남,9세,중상
745,2018062000100508,2018년 6월 20일 20시,수요일,충청남도 당진시 정미면,중상사고,0,1,0,0,차대사람 - 횡단중,안전운전불이행,포장 - 건조,맑음,단일로 - 기타,승용,여,58세,상해없음,보행자,남,47세,중상
746,2018062000100545,2018년 6월 20일 21시,수요일,충청남도 천안시 동남구 신방동,중상사고,0,1,0,0,차대사람 - 횡단중,보행자보호의무위반,포장 - 건조,맑음,교차로 - 교차로횡단보도내,화물,남,57세,상해없음,보행자,남,46세,중상
747,2018062000100566,2018년 6월 20일 22시,수요일,충청남도 홍성군 홍성읍,중상사고,0,1,0,0,차대사람 - 횡단중,안전운전불이행,포장 - 건조,맑음,단일로 - 기타,승용,여,48세,상해없음,보행자,여,60세,중상
748,2018062100100144,2018년 6월 21일 09시,목요일,충청남도 당진시 합덕읍,중상사고,0,1,0,0,차대사람 - 횡단중,안전운전불이행,포장 - 건조,맑음,교차로 - 교차로부근,화물,남,51세,상해없음,보행자,여,84세,중상
749,2018062100100369,2018년 6월 21일 16시,목요일,충청남도 당진시 원당리,경상사고,0,0,1,0,차대사람 - 횡단중,보행자보호의무위반,포장 - 건조,맑음,교차로 - 교차로안,승용,남,79세,상해없음,보행자,남,13세,경상
750,2018062100100428,2018년 6월 21일 17시,목요일,충청남도 보령시 명천동,경상사고,0,0,1,0,차대사람 - 횡단중,안전운전불이행,포장 - 건조,맑음,교차로 - 교차로안,승용,여,27세,상해없음,보행자,남,6세,경상
751,2018062100100485,2018년 6월 21일 18시,목요일,충청남도 천안시 서북구 백석동,경상사고,0,0,1,0,차대사람 - 횡단중,보행자보호의무위반,포장 - 건조,맑음,교차로 - 교차로안,승용,여,34세,상해없음,보행자,여,10세,경상
752,2018062100100589,2018년 6월 21일 21시,목요일,충청남도 홍성군 홍동면,중상사고,0,1,0,0,차대사람 - 기타,안전운전불이행,포장 - 건조,맑음,단일로 - 기타,화물,남,46세,상해없음,보행자,남,24세,중상
753,2018062100100590,2018년 6월 21일 21시,목요일,충청남도 당진시 채운동,중상사고,0,1,0,0,차대사람 - 횡단중,보행자보호의무위반,포장 - 건조,맑음,교차로 - 교차로횡단보도내,승용,남,35세,상해없음,보행자,여,31세,중상
754,2018062200100060,2018년 6월 22일 05시,금요일,충청남도 천안시 서북구 직산읍,경상사고,0,0,1,0,차대사람 - 횡단중,보행자보호의무위반,포장 - 건조,맑음,교차로 - 교차로안,화물,남,50세,상해없음,보행자,여,55세,경상
755,2018062200100097,2018년 6월 22일 07시,금요일,충청남도 당진시 채운동,중상사고,0,1,0,0,차대사람 - 횡단중,신호위반,포장 - 건조,맑음,단일로 - 기타,이륜,남,25세,상해없음,보행자,여,16세,중상
756,2018062200100356,2018년 6월 22일 14시,금요일,충청남도 부여군 부여읍,경상사고,0,0,1,0,차대사람 - 기타,안전운전불이행,포장 - 건조,맑음,단일로 - 기타,기타불명,기타불명,미분류,기타불명,보행자,여,34세,경상
757,2018062200100393,2018년 6월 22일 15시,금요일,충청남도 당진시 신평면,경상사고,0,0,1,0,차대사람 - 횡단중,보행자보호의무위반,포장 - 건조,맑음,단일로 - 기타,승용,여,64세,상해없음,보행자,여,9세,경상
758,2018062200100396,2018년 6월 22일 15시,금요일,충청남도 천안시 동남구 원성동,경상사고,0,0,1,0,차대사람 - 기타,안전운전불이행,포장 - 건조,맑음,단일로 - 기타,승용,여,61세,상해없음,보행자,남,49세,경상