,사고번호,사고일시,요일,시군구,사고내용,사망자수,중상자수,경상자수,부상신고자수,사고유형,법규위반,노면상태,기상상태,도로형태,가해운전자 차종,가해운전자 성별,가해운전자 연령,가해운전자 상해정도,피해운전자 차종,피해운전자 성별,피해운전자 연령,피해운전자 상해정도
976,2018081300100595,2018년 8월 13일 20시,월요일,충청남도 당진시 면천면,중상사고,0,1,0,0,차대사람 - 기타,안전운전불이행,포장 - 건조,맑음,단일로 - 기타,승용,남,39세,상해없음,보행자,남,51세,중상
977,2018081300100597,2018년 8월 13일 20시,월요일,충청남도 천안시 동남구 원성동,경상사고,0,0,1,0,차대사람 - 횡단중,안전운전불이행,포장 - 건조,맑음,교차로 - 교차로안,승용,남,56세,상해없음,보행자,여,61세,경상
978,2018081400100090,2018년 8월 14일 07시,화요일,충청남도 천안시 서북구 두정동,경상사고,0,0,1,0,차대사람 - 횡단중,보행자보호의무위반,포장 - 건조,맑음,단일로 - 기타,승용,남,26세,상해없음,보행자,남,24세,경상
979,2018081400100332,2018년 8월 14일 14시,화요일,충청남도 금산군 군북면,중상사고,0,1,0,0,차대사람 - 기타,안전운전불이행,포장 - 건조,맑음,단일로 - 기타,승용,남,63세,상해없음,보행자,남,58세,중상
980,2018081400100399,2018년 8월 14일 16시,화요일,충청남도 논산시 강산동,중상사고,0,1,0,0,차대사람 - 횡단중,안전운전불이행,포장 - 건조,맑음,단일로 - 기타,승용,여,49세,상해없음,보행자,남,7세,중상
981,2018081400100505,2018년 8월 14일 18시,화요일,충청남도 서산시 읍내동,중상사고,0,1,0,0,차대사람 - 횡단중,보행자보호의무위반,포장 - 건조,맑음,교차로 - 교차로횡단보도내,승용,여,38세,상해없음,보행자,여,90세 이상,중상
982,2018081400100506,2018년 8월 14일 18시,화요일,충청남도 아산시 신창면,중상사고,0,1,0,0,차대사람 - 기타,안전운전불이행,포장 - 건조,맑음,단일로 - 기타,승용,남,40세,상해없음,보행자,남,58세,중상
983,2018081400100582,2018년 8월 14일 20시,화요일,충청남도 논산시 연무읍,중상사고,0,1,0,0,차대사람 - 기타,안전운전불이행,포장 - 건조,맑음,단일로 - 기타,승용,남,57세,상해없음,보행자,여,45세,중상
984,2018081400100658,2018년 8월 14일 23시,화요일,충청남도 천안시 동남구 대흥동,경상사고,0,0,1,0,차대사람 - 횡단중,보행자보호의무위반,포장 - 건조,맑음,교차로 - 교차로횡단보도내,승용,남,58세,상해없음,보행자,남,31세,경상
985,2018081500100142,2018년 8월 15일 09시,수요일,충청남도 천안시 서북구 불당동,중상사고,0,1,0,0,차대사람 - 횡단중,신호위반,포장 - 건조,맑음,교차로 - 교차로횡단보도내,승용,남,52세,상해없음,보행자,여,18세,중상
986,2018081500100278,2018년 8월 15일 14시,수요일,충청남도 보령시 신흑동,중상사고,0,1,0,0,차대사람 - 횡단중,안전운전불이행,포장 - 건조,맑음,단일로 - 기타,이륜,남,17세,상해없음,보행자,남,60세,중상
987,2018081500100461,2018년 8월 15일 20시,수요일,충청남도 천안시 동남구 신부동,경상사고,0,0,1,0,차대사람 - 기타,안전운전불이행,포장 - 건조,맑음,단일로 - 기타,승용,여,27세,상해없음,보행자,남,26세,경상
988,2018081600100009,2018년 8월 16일 00시,목요일,충청남도 천안시 서북구 두정동,부상신고사고,0,0,0,1,차대사람 - 기타,안전운전불이행,포장 - 건조,맑음,교차로 - 교차로부근,이륜,남,26세,부상신고,보행자,남,26세,상해없음
989,2018081600100413,2018년 8월 16일 16시,목요일,충청남도 서산시 동문동,중상사고,0,1,0,0,차대사람 - 보도통행중,보행자보호의무위반,포장 - 건조,맑음,교차로 - 교차로안,승용,남,65세,상해없음,보행자,여,58세,중상
990,2018081600100571,2018년 8월 16일 20시,목요일,충청남도 당진시 송악읍,중상사고,0,1,0,1,차대사람 - 횡단중,안전운전불이행,포장 - 건조,맑음,단일로 - 기타,이륜,남,19세,부상신고,보행자,여,66세,중상
991,2018081700100433,2018년 8월 17일 16시,금요일,충청남도 당진시 수청리,경상사고,0,0,1,0,차대사람 - 기타,안전운전불이행,포장 - 건조,맑음,단일로 - 기타,승용,남,65세,상해없음,보행자,여,33세,경상
992,2018081700100434,2018년 8월 17일 16시,금요일,충청남도 청양군 남양면,경상사고,0,0,1,0,차대사람 - 기타,안전운전불이행,포장 - 건조,맑음,단일로 - 기타,승용,남,55세,상해없음,보행자,남,48세,경상
993,2018081700100489,2018년 8월 17일 17시,금요일,충청남도 부여군 규암면,중상사고,0,1,0,0,차대사람 - 기타,기타,포장 - 건조,맑음,단일로 - 기타,승합,남,55세,상해없음,보행자,여,75세,중상
994,2018081700100579,2018년 8월 17일 19시,금요일,충청남도 천안시 서북구 성정동,중상사고,0,1,0,0,차대사람 - 횡단중,중앙선침범,포장 - 건조,맑음,단일로 - 기타,이륜,남,22세,상해없음,보행자,남,25세,중상
995,2018081700100679,2018년 8월 17일 22시,금요일,충청남도 천안시 서북구 백석동,경상사고,0,0,1,0,차대사람 - 횡단중,안전운전불이행,포장 - 건조,맑음,교차로 - 교차로횡단보도내,기타불명,기타불명,미분류,기타불명,보행자,남,49세,경상
996,2018081800100128,2018년 8월 18일 08시,토요일,충청남도 아산시 풍기동,중상사고,0,1,0,0,차대사람 - 횡단중,안전운전불이행,포장 - 건조,맑음,교차로 - 교차로안,승용,여,56세,상해없음,보행자,여,18세,중상
997,2018081800100169,2018년 8월 18일 09시,토요일,충청남도 당진시 신평면,경상사고,0,0,1,0,차대사람 - 기타,안전운전불이행,포장 - 건조,맑음,기타 - 기타,승용,남,56세,기타불명,보행자,남,45세,경상
998,2018081800100521,2018년 8월 18일 19시,토요일,충청남도 서산시 해미면,중상사고,0,1,0,0,차대사람 - 횡단중,안전운전불이행,포장 - 건조,맑음,단일로 - 기타,화물,남,55세,상해없음,보행자,남,76세,중상
999,2018081900100148,2018년 8월 19일 10시,일요일,충청남도 아산시 온천동,중상사고,0,1,0,0,차대사람 - 횡단중,보행자보호의무위반,포장 - 건조,맑음,교차로 - 교차로횡단보도내,승용,남,58세,상해없음,보행자,남,86세,중상
1000,2018081900100180,2018년 8월 19일 11시,일요일,충청남도 홍성군 홍성읍,중상사고,0,1,0,0,차대사람 - 횡단중,안전운전불이행,포장 - 건조,맑음,단일로 - 기타,승용,여,43세,상해없음,보행자,남,7세,중상
1001,2018082000100011,2018년 8월 20일 01시,월요일,충청남도 당진시 송악읍,사망사고,1,1,1,0,차대사람 - 기타,안전운전불이행,포장 - 건조,맑음,단일로 - 기타,승용,남,28세,상해없음,보행자,남,59세,사망
1002,2018082000100526,2018년 8월 20일 20시,월요일,충청남도 천안시 서북구 성정동,중상사고,0,1,0,0,차대사람 - 기타,안전운전불이행,포장 - 건조,맑음,단일로 - 기타,승용,여,36세,상해없음,보행자,남,64세,중상
1003,2018082100100581,2018년 8월 21일 20시,화요일,충청남도 천안시 동남구 대흥동,경상사고,0,0,1,0,차대사람 - 횡단중,보행자보호의무위반,포장 - 건조,맑음,단일로 - 기타,승용,남,28세,상해없음,보행자,남,56세,경상
1004,2018082100100671,2018년 8월 21일 23시,화요일,충청남도 천안시 서북구 백석동,중상사고,0,1,0,0,차대사람 - 횡단중,안전운전불이행,포장 - 건조,맑음,교차로 - 교차로횡단보도내,승합,남,66세,상해없음,보행자,남,38세,중상
1005,2018082100100672,2018년 8월 21일 23시,화요일,충청남도 천안시 동남구 원성동,경상사고,0,0,1,0,차대사람 - 기타,안전운전불이행,포장 - 건조,맑음,교차로 - 교차로부근,승용,남,63세,상해없음,보행자,남,25세,경상
1006,2018082200100024,2018년 8월 22일 02시,수요일,충청남도 당진시 송산면,중상사고,0,1,0,0,차대사람 - 길가장자리구역통행중,안전운전불이행,포장 - 건조,맑음,단일로 - 기타,승용,여,56세,상해없음,보행자,여,52세,중상
1007,2018082200100372,2018년 8월 22일 15시,수요일,충청남도 아산시 인주면,경상사고,0,0,1,0,차대사람 - 횡단중,안전운전불이행,포장 - 건조,맑음,단일로 - 기타,승합,여,69세,상해없음,보행자,여,12세,경상
1008,2018082200100373,2018년 8월 22일 15시,수요일,충청남도 당진시 순성면,사망사고,1,0,0,0,차대사람 - 횡단중,안전운전불이행,포장 - 건조,맑음,교차로 - 교차로부근,승용,남,43세,상해없음,보행자,남,79세,사망
1009,2018082200100413,2018년 8월 22일 16시,수요일,충청남도 아산시 용화동,중상사고,0,1,0,0,차대사람 - 기타,보행자보호의무위반,포장 - 건조,맑음,교차로 - 교차로횡단보도내,기타불명,기타불명,미분류,기타불명,보행자,여,46세,중상
1010,2018082200100582,2018년 8월 22일 20시,수요일,충청남도 천안시 동남구 청수동,중상사고,0,1,0,0,차대사람 - 기타,안전운전불이행,포장 - 건조,맑음,교차로 - 교차로안,이륜,남,39세,상해없음,보행자,여,83세,중상
1011,2018082200100638,2018년 8월 22일 22시,수요일,충청남도 천안시 서북구 성정동,경상사고,0,0,1,0,차대사람 - 차도통행중,안전운전불이행,포장 - 건조,맑음,단일로 - 기타,승용,남,26세,기타불명,보행자,남,59세,경상
1012,2018082300100017,2018년 8월 23일 00시,목요일,충청남도 서산시 대산읍,경상사고,0,0,1,0,차대사람 - 기타,안전운전불이행,포장 - 건조,맑음,단일로 - 기타,승용,남,29세,상해없음,보행자,남,37세,경상
1013,2018082300100071,2018년 8월 23일 07시,목요일,충청남도 천안시 서북구 불당동,경상사고,0,0,1,0,차대사람 - 횡단중,보행자보호의무위반,포장 - 건조,맑음,교차로 - 교차로횡단보도내,승용,남,32세,상해없음,보행자,여,50세,경상
1014,2018082400100252,2018년 8월 24일 13시,금요일,충청남도 보령시 주산면,중상사고,0,2,0,0,차대사람 - 기타,기타,포장 - 건조,맑음,단일로 - 기타,화물,남,59세,상해없음,보행자,남,41세,중상
1015,2018082400100280,2018년 8월 24일 14시,금요일,충청남도 논산시 연무읍,경상사고,0,0,1,0,차대사람 - 보도통행중,보행자보호의무위반,포장 - 건조,맑음,단일로 - 기타,승용,남,58세,상해없음,보행자,여,37세,경상
1016,2018082400100501,2018년 8월 24일 20시,금요일,충청남도 홍성군 서부면,경상사고,0,0,1,0,차대사람 - 기타,안전운전불이행,포장 - 건조,맑음,주차장 - 주차장,승용,남,66세,상해없음,보행자,여,69세,경상
1017,2018082400100597,2018년 8월 24일 23시,금요일,충청남도 천안시 동남구 원성동,중상사고,0,1,0,0,차대사람 - 기타,안전운전불이행,포장 - 건조,맑음,단일로 - 기타,승용,남,38세,상해없음,보행자,남,50세,중상
1018,2018082500100044,2018년 8월 25일 01시,토요일,충청남도 천안시 서북구 두정동,중상사고,0,1,0,0,차대사람 - 차도통행중,안전운전불이행,포장 - 젖음/습기,흐림,단일로 - 기타,승용,여,27세,상해없음,보행자,여,25세,중상
1019,2018082500100515,2018년 8월 25일 20시,토요일,충청남도 논산시 내동,경상사고,0,0,1,0,차대사람 - 기타,안전운전불이행,포장 - 건조,맑음,단일로 - 기타,기타불명,기타불명,미분류,기타불명,보행자,남,60세,경상
1020,2018082500100545,2018년 8월 25일 21시,토요일,충청남도 아산시 온천동,중상사고,0,1,0,0,차대사람 - 횡단중,보행자보호의무위반,포장 - 건조,맑음,기타 - 기타,승용,남,70세,상해없음,보행자,여,50세,중상
1021,2018082600100181,2018년 8월 26일 11시,일요일,충청남도 아산시 용화동,중상사고,0,1,0,0,차대사람 - 횡단중,안전운전불이행,포장 - 건조,맑음,교차로 - 교차로안,승용,남,23세,상해없음,보행자,여,71세,중상
1022,2018082600100198,2018년 8월 26일 12시,일요일,충청남도 천안시 동남구 다가동,사망사고,1,0,0,0,차대사람 - 보도통행중,신호위반,포장 - 젖음/습기,비,교차로 - 교차로횡단보도내,승용,남,58세,상해없음,보행자,여,8세,사망
1023,2018082600100261,2018년 8월 26일 14시,일요일,충청남도 논산시 강경읍,중상사고,0,3,0,0,차대사람 - 차도통행중,안전운전불이행,포장 - 젖음/습기,비,단일로 - 기타,승용,남,61세,상해없음,보행자,남,17세,중상
1024,2018082600100317,2018년 8월 26일 16시,일요일,충청남도 서산시 동문동,중상사고,0,1,0,0,차대사람 - 기타,안전운전불이행,포장 - 건조,맑음,단일로 - 기타,승합,여,47세,상해없음,보행자,여,86세,중상
1025,2018082600100406,2018년 8월 26일 19시,일요일,충청남도 홍성군 홍성읍,경상사고,0,0,1,0,차대사람 - 기타,안전운전불이행,포장 - 젖음/습기,비,단일로 - 기타,승용,남,58세,상해없음,보행자,남,57세,경상
1026,2018082600100429,2018년 8월 26일 20시,일요일,충청남도 논산시 내동,중상사고,0,1,0,0,차대사람 - 횡단중,보행자보호의무위반,포장 - 젖음/습기,비,단일로 - 기타,승용,여,27세,상해없음,보행자,여,53세,중상
1027,2018082600100432,2018년 8월 26일 20시,일요일,충청남도 당진시 정미면,사망사고,1,0,0,0,차대사람 - 길가장자리구역통행중,안전운전불이행,포장 - 젖음/습기,비,교차로 - 교차로부근,승용,남,42세,상해없음,보행자,여,63세,사망
1028,2018082600100460,2018년 8월 26일 21시,일요일,충청남도 천안시 서북구 두정동,중상사고,0,1,0,0,차대사람 - 횡단중,보행자보호의무위반,포장 - 젖음/습기,비,단일로 - 기타,이륜,남,20세,상해없음,보행자,여,22세,중상
1029,2018082600100461,2018년 8월 26일 21시,일요일,충청남도 천안시 서북구 성정동,중상사고,0,1,0,0,차대사람 - 횡단중,안전운전불이행,포장 - 젖음/습기,비,단일로 - 기타,승용,남,24세,상해없음,보행자,남,60세,중상
1030,2018082700100021,2018년 8월 27일 01시,월요일,충청남도 당진시 읍내리,중상사고,0,1,1,0,차대사람 - 기타,안전운전불이행,포장 - 젖음/습기,비,교차로 - 교차로부근,승용,남,22세,상해없음,보행자,남,34세,중상
1031,2018082700100413,2018년 8월 27일 16시,월요일,충청남도 천안시 서북구 성정동,경상사고,0,0,1,0,차대사람 - 기타,보행자보호의무위반,포장 - 건조,맑음,단일로 - 기타,승용,남,28세,상해없음,보행자,여,37세,경상
1032,2018082700100443,2018년 8월 27일 17시,월요일,충청남도 천안시 동남구 구성동,중상사고,0,1,0,0,차대사람 - 횡단중,보행자보호의무위반,포장 - 건조,맑음,단일로 - 기타,승용,여,67세,상해없음,보행자,남,10세,중상
1033,2018082700100444,2018년 8월 27일 17시,월요일,충청남도 천안시 동남구 영성동,중상사고,0,1,0,0,차대사람 - 기타,안전운전불이행,포장 - 건조,맑음,단일로 - 기타,승용,여,51세,상해없음,보행자,남,89세,중상
1034,2018082700100492,2018년 8월 27일 18시,월요일,충청남도 천안시 서북구 쌍용동,경상사고,0,0,1,0,차대사람 - 차도통행중,안전운전불이행,포장 - 젖음/습기,흐림,교차로 - 교차로안,승합,남,20세,상해없음,보행자,여,65세,경상
1035,2018082800100103,2018년 8월 28일 08시,화요일,충청남도 예산군 예산읍,중상사고,0,1,0,0,차대사람 - 횡단중,보행자보호의무위반,포장 - 젖음/습기,비,단일로 - 기타,승용,여,54세,상해없음,보행자,여,51세,중상
1036,2018082800100192,2018년 8월 28일 11시,화요일,충청남도 논산시 강경읍,중상사고,0,1,1,0,차대사람 - 기타,안전운전불이행,포장 - 건조,맑음,교차로 - 교차로부근,화물,남,42세,경상,보행자,여,59세,중상
1037,2018082800100354,2018년 8월 28일 16시,화요일,충청남도 아산시 온천동,경상사고,0,0,1,0,차대사람 - 횡단중,보행자보호의무위반,포장 - 건조,맑음,교차로 - 교차로횡단보도내,화물,남,58세,상해없음,보행자,여,63세,경상
1038,2018082900100264,2018년 8월 29일 13시,수요일,충청남도 공주시 중동,경상사고,0,0,1,0,차대사람 - 횡단중,보행자보호의무위반,포장 - 건조,맑음,기타 - 기타,승용,여,35세,상해없음,보행자,남,70세,경상
1039,2018083000100083,2018년 8월 30일 07시,목요일,충청남도 공주시 유구읍,중상사고,0,1,0,0,차대사람 - 보도통행중,안전운전불이행,포장 - 건조,맑음,교차로 - 교차로안,화물,남,67세,상해없음,보행자,남,83세,중상
1040,2018083000100147,2018년 8월 30일 09시,목요일,충청남도 태안군 안면읍,경상사고,0,0,1,0,차대사람 - 횡단중,안전운전불이행,포장 - 건조,맑음,단일로 - 기타,승용,여,57세,상해없음,보행자,남,74세,경상
1041,2018083000100169,2018년 8월 30일 10시,목요일,충청남도 논산시 강경읍,중상사고,0,1,0,0,차대사람 - 횡단중,안전운전불이행,포장 - 건조,맑음,교차로 - 교차로안,화물,남,43세,상해없음,보행자,여,66세,중상
1042,2018083000100316,2018년 8월 30일 15시,목요일,충청남도 천안시 서북구 성거읍,중상사고,0,1,0,0,차대사람 - 기타,안전운전불이행,포장 - 젖음/습기,비,교차로 - 교차로안,승용,여,33세,상해없음,보행자,여,33세,중상
1043,2018083000100386,2018년 8월 30일 17시,목요일,충청남도 논산시 취암동,중상사고,0,1,0,0,차대사람 - 횡단중,안전운전불이행,포장 - 건조,맑음,단일로 - 기타,승용,남,44세,상해없음,보행자,여,68세,중상
1044,2018083000100473,2018년 8월 30일 19시,목요일,충청남도 공주시 신관동,중상사고,0,1,1,0,차대사람 - 기타,안전운전불이행,포장 - 젖음/습기,비,단일로 - 기타,자전거,남,16세,경상,보행자,여,48세,중상
1045,2018083100100065,2018년 8월 31일 04시,금요일,충청남도 태안군 태안읍,중상사고,0,1,0,0,차대사람 - 횡단중,보행자보호의무위반,포장 - 젖음/습기,흐림,교차로 - 교차로안,승용,남,50세,상해없음,보행자,남,22세,중상
1046,2018083100100537,2018년 8월 31일 20시,금요일,충청남도 천안시 동남구 원성동,경상사고,0,0,1,0,차대사람 - 기타,안전운전불이행,포장 - 건조,맑음,단일로 - 기타,승용,남,61세,상해없음,보행자,남,53세,경상
1047,2018090100100075,2018년 9월 1일 04시,토요일,충청남도 계룡시 엄사면,경상사고,0,0,1,0,차대사람 - 차도통행중,안전운전불이행,포장 - 건조,맑음,교차로 - 교차로부근,승용,여,29세,상해없음,보행자,남,26세,경상
1048,2018090100100109,2018년 9월 1일 06시,토요일,충청남도 천안시 동남구 북면,중상사고,0,1,0,0,차대사람 - 기타,안전운전불이행,포장 - 건조,맑음,단일로 - 기타,승용,남,27세,상해없음,보행자,남,71세,중상
1049,2018090100100125,2018년 9월 1일 07시,토요일,충청남도 천안시 동남구 구성동,경상사고,0,0,1,0,차대사람 - 기타,보행자보호의무위반,포장 - 건조,맑음,단일로 - 기타,승합,남,58세,상해없음,보행자,남,49세,경상
1050,2018090100100445,2018년 9월 1일 17시,토요일,충청남도 당진시 송악읍,중상사고,0,1,0,0,차대사람 - 기타,안전운전불이행,포장 - 건조,맑음,기타 - 기타,이륜,남,51세,상해없음,보행자,남,5세,중상
1051,2018090200100010,2018년 9월 2일 00시,일요일,충청남도 천안시 서북구 쌍용동,경상사고,0,0,1,0,차대사람 - 차도통행중,안전운전불이행,포장 - 건조,맑음,단일로 - 기타,이륜,남,17세,상해없음,보행자,남,43세,경상
1052,2018090200100372,2018년 9월 2일 19시,일요일,충청남도 당진시 대호지면,사망사고,1,0,0,0,차대사람 - 횡단중,안전운전불이행,포장 - 건조,맑음,단일로 - 기타,화물,남,58세,상해없음,보행자,여,82세,사망
1053,2018090300100024,2018년 9월 3일 04시,월요일,충청남도 천안시 서북구 성거읍,사망사고,1,0,0,0,차대사람 - 횡단중,과속,포장 - 건조,맑음,교차로 - 교차로안,승용,남,56세,상해없음,보행자,여,71세,사망
1054,2018090300100154,2018년 9월 3일 09시,월요일,충청남도 아산시 신창면,중상사고,0,1,0,0,차대사람 - 기타,보행자보호의무위반,포장 - 젖음/습기,비,교차로 - 교차로안,화물,남,60세,상해없음,보행자,여,74세,중상
1055,2018090300100338,2018년 9월 3일 15시,월요일,충청남도 천안시 동남구 봉명동,중상사고,0,1,0,0,차대사람 - 보도통행중,보행자보호의무위반,포장 - 건조,맑음,교차로 - 교차로횡단보도내,승용,여,49세,상해없음,보행자,여,72세,중상
1056,2018090300100525,2018년 9월 3일 19시,월요일,충청남도 천안시 서북구 쌍용동,중상사고,0,1,0,0,차대사람 - 횡단중,신호위반,포장 - 젖음/습기,비,교차로 - 교차로횡단보도내,승용,여,31세,상해없음,보행자,남,48세,중상
1057,2018090400100149,2018년 9월 4일 09시,화요일,충청남도 청양군 정산면,중상사고,0,1,0,0,차대사람 - 기타,안전운전불이행,포장 - 건조,맑음,교차로 - 교차로안,기타불명,기타불명,미분류,기타불명,보행자,여,86세,중상
1058,2018090400100270,2018년 9월 4일 13시,화요일,충청남도 부여군 외산면,사망사고,1,0,0,0,차대사람 - 횡단중,안전운전불이행,포장 - 건조,맑음,단일로 - 기타,화물,남,36세,상해없음,보행자,남,81세,사망
1059,2018090400100297,2018년 9월 4일 14시,화요일,충청남도 천안시 동남구 구성동,경상사고,0,0,1,0,차대사람 - 횡단중,보행자보호의무위반,포장 - 건조,맑음,교차로 - 교차로횡단보도내,승용,남,54세,상해없음,보행자,남,7세,경상
1060,2018090400100364,2018년 9월 4일 16시,화요일,충청남도 공주시 신관동,부상신고사고,0,0,0,1,차대사람 - 차도통행중,안전운전불이행,포장 - 건조,맑음,단일로 - 기타,승용,여,58세,상해없음,보행자,여,22세,부상신고
1061,2018090400100405,2018년 9월 4일 17시,화요일,충청남도 서산시 읍내동,경상사고,0,0,1,0,차대사람 - 횡단중,보행자보호의무위반,포장 - 건조,맑음,단일로 - 기타,승용,여,49세,상해없음,보행자,남,9세,경상
1062,2018090400100500,2018년 9월 4일 19시,화요일,충청남도 천안시 서북구 불당동,부상신고사고,0,0,0,1,차대사람 - 횡단중,안전운전불이행,포장 - 건조,맑음,교차로 - 교차로안,승용,여,26세,상해없음,보행자,남,7세,부상신고
1063,2018090400100501,2018년 9월 4일 19시,화요일,충청남도 아산시 온천동,중상사고,0,1,0,0,차대사람 - 횡단중,보행자보호의무위반,포장 - 건조,흐림,교차로 - 교차로횡단보도내,화물,남,67세,상해없음,보행자,여,55세,중상
1064,2018090400100610,2018년 9월 4일 23시,화요일,충청남도 천안시 동남구 안서동,경상사고,0,0,1,0,차대사람 - 차도통행중,안전운전불이행,포장 - 건조,맑음,단일로 - 기타,승용,여,26세,상해없음,보행자,여,21세,경상
1065,2018090500100518,2018년 9월 5일 18시,수요일,충청남도 아산시 배방읍,경상사고,0,0,1,0,차대사람 - 기타,기타,포장 - 건조,맑음,단일로 - 기타,승합,남,47세,상해없음,보행자,여,20세,경상
1066,2018090500100556,2018년 9월 5일 19시,수요일,충청남도 당진시 대덕리,경상사고,0,0,1,0,차대사람 - 기타,보행자보호의무위반,포장 - 건조,맑음,교차로 - 교차로횡단보도내,승용,남,37세,상해없음,보행자,남,28세,경상
1067,2018090500100680,2018년 9월 5일 23시,수요일,충청남도 천안시 서북구 성정동,경상사고,0,0,1,0,차대사람 - 기타,안전운전불이행,포장 - 건조,맑음,교차로 - 교차로부근,승용,남,25세,상해없음,보행자,남,27세,경상
1068,2018090600100101,2018년 9월 6일 08시,목요일,충청남도 보령시 화산동,경상사고,0,0,1,0,차대사람 - 기타,안전운전불이행,포장 - 건조,맑음,교차로 - 교차로안,승용,남,27세,기타불명,보행자,남,52세,경상
1069,2018090600100135,2018년 9월 6일 09시,목요일,충청남도 천안시 동남구 동면,중상사고,0,2,0,0,차대사람 - 기타,안전운전불이행,포장 - 건조,맑음,단일로 - 기타,승용,남,78세,중상,보행자,여,80세,상해없음
1070,2018090600100452,2018년 9월 6일 19시,목요일,충청남도 아산시 배방읍,경상사고,0,0,1,0,차대사람 - 횡단중,보행자보호의무위반,포장 - 건조,맑음,교차로 - 교차로횡단보도내,화물,남,37세,상해없음,보행자,남,30세,경상
1071,2018090600100488,2018년 9월 6일 20시,목요일,충청남도 서산시 대산읍,중상사고,0,2,0,0,차대사람 - 횡단중,보행자보호의무위반,포장 - 건조,흐림,교차로 - 교차로안,화물,남,45세,상해없음,보행자,남,61세,중상
1072,2018090600100552,2018년 9월 6일 22시,목요일,충청남도 보령시 동대동,중상사고,0,2,0,0,차대사람 - 횡단중,보행자보호의무위반,포장 - 젖음/습기,비,교차로 - 교차로안,화물,남,53세,상해없음,보행자,여,57세,중상
1073,2018090700100147,2018년 9월 7일 08시,금요일,충청남도 아산시 둔포면,중상사고,0,2,0,0,차대사람 - 기타,안전운전불이행,포장 - 건조,맑음,단일로 - 기타,승용,여,23세,중상,보행자,여,74세,중상
1074,2018090700100327,2018년 9월 7일 13시,금요일,충청남도 아산시 배방읍,중상사고,0,1,0,0,차대사람 - 횡단중,보행자보호의무위반,포장 - 건조,맑음,교차로 - 교차로횡단보도내,화물,남,31세,기타불명,보행자,남,80세,중상
1075,2018090700100329,2018년 9월 7일 13시,금요일,충청남도 천안시 동남구 성남면,사망사고,1,0,0,0,차대사람 - 기타,안전운전불이행,포장 - 건조,맑음,교차로 - 교차로부근,건설기계,남,50세,상해없음,보행자,여,49세,사망
1076,2018090700100530,2018년 9월 7일 18시,금요일,충청남도 보령시 동대동,경상사고,0,0,1,0,차대사람 - 기타,기타,포장 - 건조,맑음,기타 - 기타,승용,남,45세,상해없음,보행자,여,8세,경상
1077,2018090800100367,2018년 9월 8일 14시,토요일,충청남도 보령시 대천동,경상사고,0,0,1,0,차대사람 - 횡단중,보행자보호의무위반,포장 - 건조,맑음,단일로 - 기타,화물,남,68세,상해없음,보행자,남,43세,경상
1078,2018090900100125,2018년 9월 9일 09시,일요일,충청남도 아산시 온천동,경상사고,0,0,1,0,차대사람 - 횡단중,안전운전불이행,포장 - 건조,맑음,단일로 - 기타,기타불명,기타불명,미분류,기타불명,보행자,여,72세,경상
1079,2018090900100235,2018년 9월 9일 13시,일요일,충청남도 부여군 부여읍,경상사고,0,0,1,0,차대사람 - 기타,안전운전불이행,포장 - 건조,맑음,단일로 - 기타,승용,여,53세,상해없음,보행자,남,37세,경상
1080,2018090900100269,2018년 9월 9일 14시,일요일,충청남도 천안시 서북구 성정동,중상사고,0,1,0,0,차대사람 - 횡단중,안전운전불이행,포장 - 건조,맑음,단일로 - 기타,승합,남,37세,상해없음,보행자,여,55세,중상
1081,2018090900100376,2018년 9월 9일 17시,일요일,충청남도 천안시 서북구 성정동,중상사고,0,1,0,0,차대사람 - 횡단중,안전운전불이행,포장 - 건조,맑음,교차로 - 교차로안,승용,남,54세,상해없음,보행자,여,66세,중상
1082,2018090900100378,2018년 9월 9일 17시,일요일,충청남도 논산시 강경읍,경상사고,0,0,1,0,차대사람 - 차도통행중,안전운전불이행,포장 - 건조,맑음,교차로 - 교차로부근,화물,남,63세,상해없음,보행자,남,45세,경상
1083,2018090900100437,2018년 9월 9일 19시,일요일,충청남도 태안군 근흥면,사망사고,1,0,0,0,차대사람 - 기타,안전운전불이행,포장 - 건조,흐림,단일로 - 기타,승합,남,72세,상해없음,보행자,여,81세,사망