,사고번호,사고일시,요일,시군구,사고내용,사망자수,중상자수,경상자수,부상신고자수,사고유형,법규위반,노면상태,기상상태,도로형태,가해운전자 차종,가해운전자 성별,가해운전자 연령,가해운전자 상해정도,피해운전자 차종,피해운전자 성별,피해운전자 연령,피해운전자 상해정도
1084,2018091000100028,2018년 9월 10일 02시,월요일,충청남도 당진시 송악읍,중상사고,0,1,0,0,차대사람 - 차도통행중,안전운전불이행,포장 - 건조,맑음,단일로 - 기타,원동기,남,19세,상해없음,보행자,여,79세,중상
1085,2018091000100035,2018년 9월 10일 04시,월요일,충청남도 천안시 서북구 성정동,사망사고,1,0,0,0,차대사람 - 횡단중,안전운전불이행,포장 - 건조,맑음,단일로 - 기타,승용,남,23세,상해없음,보행자,남,60세,사망
1086,2018091000100087,2018년 9월 10일 07시,월요일,충청남도 태안군 태안읍,경상사고,0,0,1,0,차대사람 - 기타,보행자보호의무위반,포장 - 건조,맑음,교차로 - 교차로횡단보도내,승용,남,80세,기타불명,보행자,여,18세,경상
1087,2018091000100138,2018년 9월 10일 08시,월요일,충청남도 천안시 서북구 불당동,부상신고사고,0,0,0,1,차대사람 - 기타,기타,포장 - 건조,맑음,단일로 - 기타,자전거,남,13세,부상신고,보행자,남,17세,상해없음
1088,2018091000100272,2018년 9월 10일 11시,월요일,충청남도 당진시 읍내리,경상사고,0,0,1,0,차대사람 - 횡단중,보행자보호의무위반,포장 - 건조,맑음,교차로 - 교차로안,승용,여,61세,상해없음,보행자,여,68세,경상
1089,2018091000100457,2018년 9월 10일 16시,월요일,충청남도 논산시 연무읍,중상사고,0,1,0,0,차대사람 - 횡단중,안전운전불이행,포장 - 건조,맑음,교차로 - 교차로안,승용,여,44세,상해없음,보행자,남,87세,중상
1090,2018091000100649,2018년 9월 10일 20시,월요일,충청남도 서산시 읍내동,중상사고,0,1,0,0,차대사람 - 횡단중,보행자보호의무위반,포장 - 건조,맑음,교차로 - 교차로안,승용,여,64세,상해없음,보행자,여,65세,중상
1091,2018091000100650,2018년 9월 10일 20시,월요일,충청남도 보령시 남포면,중상사고,0,1,0,0,차대사람 - 횡단중,신호위반,포장 - 건조,맑음,단일로 - 기타,승용,여,49세,상해없음,보행자,남,71세,중상
1092,2018091000100651,2018년 9월 10일 20시,월요일,충청남도 보령시 대천동,중상사고,0,1,0,0,차대사람 - 횡단중,안전운전불이행,포장 - 건조,맑음,단일로 - 기타,승용,남,63세,상해없음,보행자,남,62세,중상
1093,2018091000100653,2018년 9월 10일 20시,월요일,충청남도 당진시 송산면,경상사고,0,0,1,0,차대사람 - 차도통행중,안전운전불이행,포장 - 건조,흐림,단일로 - 기타,승용,남,38세,상해없음,보행자,남,40세,경상
1094,2018091000100735,2018년 9월 10일 23시,월요일,충청남도 아산시 득산동,사망사고,1,0,0,0,차대사람 - 횡단중,안전운전불이행,포장 - 건조,맑음,기타 - 기타,승용,남,19세,상해없음,보행자,남,69세,사망
1095,2018091100100107,2018년 9월 11일 08시,화요일,충청남도 보령시 신흑동,중상사고,0,1,0,0,차대사람 - 횡단중,안전운전불이행,포장 - 건조,맑음,교차로 - 교차로안,승용,남,63세,상해없음,보행자,여,13세,중상
1096,2018091100100410,2018년 9월 11일 17시,화요일,충청남도 천안시 동남구 영성동,경상사고,0,0,1,0,차대사람 - 기타,안전운전불이행,포장 - 건조,맑음,단일로 - 기타,승용,남,62세,상해없음,보행자,남,49세,경상
1097,2018091100100490,2018년 9월 11일 19시,화요일,충청남도 당진시 우강면,중상사고,0,1,0,0,차대사람 - 차도통행중,안전운전불이행,포장 - 건조,맑음,단일로 - 기타,화물,남,47세,상해없음,보행자,여,84세,중상
1098,2018091100100569,2018년 9월 11일 22시,화요일,충청남도 아산시 온천동,경상사고,0,0,1,0,차대사람 - 기타,기타,포장 - 건조,맑음,단일로 - 기타,승용,남,42세,기타불명,보행자,여,26세,경상
1099,2018091200100273,2018년 9월 12일 11시,수요일,충청남도 천안시 서북구 입장면,경상사고,0,0,1,0,차대사람 - 횡단중,안전운전불이행,포장 - 건조,맑음,단일로 - 기타,이륜,남,68세,상해없음,보행자,남,59세,경상
1100,2018091200100382,2018년 9월 12일 14시,수요일,충청남도 금산군 금산읍,중상사고,0,1,0,0,차대사람 - 보도통행중,기타,포장 - 건조,맑음,교차로 - 교차로부근,승합,여,48세,상해없음,보행자,여,53세,중상
1101,2018091200100467,2018년 9월 12일 16시,수요일,충청남도 천안시 서북구 업성동,중상사고,0,1,0,0,차대사람 - 기타,안전운전불이행,포장 - 건조,맑음,단일로 - 기타,화물,남,25세,상해없음,보행자,남,36세,중상
1102,2018091200100469,2018년 9월 12일 16시,수요일,충청남도 금산군 진산면,중상사고,0,1,1,0,차대사람 - 차도통행중,안전운전불이행,포장 - 건조,맑음,단일로 - 기타,승용,남,87세,상해없음,보행자,여,83세,중상
1103,2018091300100224,2018년 9월 13일 11시,목요일,충청남도 금산군 금산읍,경상사고,0,0,1,0,차대사람 - 기타,안전운전불이행,포장 - 건조,흐림,단일로 - 기타,승용,남,51세,상해없음,보행자,여,67세,경상
1104,2018091300100284,2018년 9월 13일 13시,목요일,충청남도 서산시 인지면,경상사고,0,0,1,0,차대사람 - 횡단중,보행자보호의무위반,포장 - 건조,맑음,단일로 - 기타,승용,남,64세,상해없음,보행자,여,8세,경상
1105,2018091300100353,2018년 9월 13일 15시,목요일,충청남도 천안시 서북구 성정동,경상사고,0,0,1,0,차대사람 - 기타,안전운전불이행,포장 - 건조,맑음,교차로 - 교차로부근,승용,여,58세,상해없음,보행자,남,51세,경상
1106,2018091300100354,2018년 9월 13일 15시,목요일,충청남도 천안시 동남구 용곡동,경상사고,0,0,1,0,차대사람 - 횡단중,보행자보호의무위반,포장 - 건조,맑음,교차로 - 교차로횡단보도내,화물,남,49세,상해없음,보행자,여,25세,경상
1107,2018091300100500,2018년 9월 13일 18시,목요일,충청남도 당진시 읍내리,경상사고,0,0,1,0,차대사람 - 기타,안전운전불이행,포장 - 건조,맑음,단일로 - 기타,승용,여,20세,상해없음,보행자,여,7세,경상
1108,2018091400100148,2018년 9월 14일 08시,금요일,충청남도 천안시 동남구 신부동,경상사고,0,0,1,0,차대사람 - 기타,안전운전불이행,포장 - 젖음/습기,비,단일로 - 기타,승용,남,36세,상해없음,보행자,여,11세,경상
1109,2018091400100320,2018년 9월 14일 13시,금요일,충청남도 아산시 온천동,경상사고,0,0,1,0,차대사람 - 횡단중,보행자보호의무위반,포장 - 건조,맑음,교차로 - 교차로횡단보도내,승용,남,77세,상해없음,보행자,남,56세,경상
1110,2018091400100515,2018년 9월 14일 18시,금요일,충청남도 천안시 서북구 성정동,중상사고,0,1,0,0,차대사람 - 차도통행중,안전운전불이행,포장 - 건조,맑음,단일로 - 기타,이륜,남,67세,상해없음,보행자,여,74세,중상
1111,2018091400100569,2018년 9월 14일 19시,금요일,충청남도 천안시 동남구 삼룡동,중상사고,0,1,0,0,차대사람 - 기타,보행자보호의무위반,포장 - 젖음/습기,맑음,단일로 - 기타,승용,남,52세,상해없음,보행자,남,58세,중상
1112,2018091400100619,2018년 9월 14일 20시,금요일,충청남도 천안시 서북구 두정동,경상사고,0,0,1,0,차대사람 - 차도통행중,안전운전불이행,포장 - 젖음/습기,비,단일로 - 기타,승용,남,37세,상해없음,보행자,여,37세,경상
1113,2018091400100670,2018년 9월 14일 21시,금요일,충청남도 당진시 송악읍,중상사고,0,1,0,0,차대사람 - 기타,안전운전불이행,포장 - 젖음/습기,비,단일로 - 기타,승용,남,41세,상해없음,보행자,남,55세,중상
1114,2018091400100744,2018년 9월 14일 23시,금요일,충청남도 천안시 서북구 두정동,경상사고,0,0,1,0,차대사람 - 횡단중,신호위반,포장 - 건조,맑음,교차로 - 교차로안,승용,남,57세,상해없음,보행자,여,33세,경상
1115,2018091400100747,2018년 9월 14일 23시,금요일,충청남도 당진시 석문면,중상사고,0,2,0,0,차대사람 - 횡단중,안전운전불이행,포장 - 젖음/습기,비,단일로 - 기타,승용,여,32세,상해없음,보행자,남,54세,중상
1116,2018091500100122,2018년 9월 15일 07시,토요일,충청남도 서천군 서천읍,중상사고,0,1,0,0,차대사람 - 기타,안전운전불이행,포장 - 건조,맑음,교차로 - 교차로안,승용,남,70세,상해없음,보행자,여,58세,중상
1117,2018091500100203,2018년 9월 15일 10시,토요일,충청남도 천안시 서북구 성환읍,경상사고,0,0,1,0,차대사람 - 횡단중,안전운전불이행,포장 - 젖음/습기,비,교차로 - 교차로안,승용,여,68세,상해없음,보행자,여,71세,경상
1118,2018091500100530,2018년 9월 15일 19시,토요일,충청남도 예산군 예산읍,중상사고,0,1,0,0,차대사람 - 길가장자리구역통행중,안전운전불이행,포장 - 건조,맑음,단일로 - 기타,기타불명,기타불명,미분류,기타불명,보행자,남,62세,중상
1119,2018091500100593,2018년 9월 15일 21시,토요일,충청남도 천안시 서북구 직산읍,경상사고,0,0,1,0,차대사람 - 기타,안전운전불이행,포장 - 젖음/습기,흐림,단일로 - 기타,승용,남,36세,상해없음,보행자,여,74세,경상
1120,2018091600100014,2018년 9월 16일 00시,일요일,충청남도 아산시 용화동,경상사고,0,0,1,0,차대사람 - 기타,안전운전불이행,포장 - 건조,맑음,단일로 - 기타,기타불명,기타불명,미분류,기타불명,보행자,남,34세,경상
1121,2018091600100079,2018년 9월 16일 05시,일요일,충청남도 서산시 읍내동,중상사고,0,1,0,0,차대사람 - 기타,안전운전불이행,포장 - 건조,맑음,단일로 - 기타,승용,남,73세,상해없음,보행자,남,27세,중상
1122,2018091600100168,2018년 9월 16일 10시,일요일,충청남도 당진시 읍내리,중상사고,0,1,0,0,차대사람 - 보도통행중,안전운전불이행,포장 - 건조,맑음,단일로 - 기타,승용,남,51세,상해없음,보행자,여,71세,중상
1123,2018091600100210,2018년 9월 16일 12시,일요일,충청남도 논산시 연산면,중상사고,0,1,0,0,차대사람 - 기타,안전운전불이행,비포장 - 건조,맑음,주차장 - 주차장,승용,남,53세,상해없음,보행자,여,80세,중상
1124,2018091600100211,2018년 9월 16일 12시,일요일,충청남도 서천군 서면,경상사고,0,0,1,0,차대사람 - 길가장자리구역통행중,안전운전불이행,포장 - 건조,맑음,단일로 - 기타,승용,남,73세,상해없음,보행자,여,67세,경상
1125,2018091600100239,2018년 9월 16일 13시,일요일,충청남도 부여군 부여읍,중상사고,0,1,0,0,차대사람 - 기타,안전운전불이행,포장 - 건조,흐림,교차로 - 교차로부근,화물,남,73세,상해없음,보행자,남,58세,중상
1126,2018091700100280,2018년 9월 17일 13시,월요일,충청남도 태안군 태안읍,경상사고,0,0,1,0,차대사람 - 횡단중,신호위반,포장 - 건조,맑음,교차로 - 교차로횡단보도내,사륜오토바이(ATV),남,81세,상해없음,보행자,여,75세,경상
1127,2018091700100397,2018년 9월 17일 16시,월요일,충청남도 서천군 서천읍,경상사고,0,0,1,0,차대사람 - 횡단중,보행자보호의무위반,포장 - 건조,맑음,단일로 - 기타,승용,남,88세,상해없음,보행자,여,16세,경상
1128,2018091700100494,2018년 9월 17일 18시,월요일,충청남도 서산시 예천동,중상사고,0,1,0,0,차대사람 - 횡단중,안전운전불이행,포장 - 건조,맑음,단일로 - 기타,승용,남,46세,상해없음,보행자,남,77세,중상
1129,2018091700100539,2018년 9월 17일 19시,월요일,충청남도 서산시 성연면,사망사고,1,0,0,0,차대사람 - 횡단중,안전운전불이행,포장 - 건조,맑음,단일로 - 기타,화물,남,58세,상해없음,보행자,여,82세,사망
1130,2018091800100188,2018년 9월 18일 09시,화요일,충청남도 당진시 읍내리,중상사고,0,1,0,0,차대사람 - 길가장자리구역통행중,안전운전불이행,포장 - 건조,맑음,단일로 - 기타,승용,남,33세,상해없음,보행자,여,53세,중상
1131,2018091800100445,2018년 9월 18일 16시,화요일,충청남도 천안시 서북구 성성동,경상사고,0,0,1,0,차대사람 - 횡단중,보행자보호의무위반,포장 - 건조,맑음,교차로 - 교차로부근,승용,여,21세,상해없음,보행자,남,32세,경상
1132,2018091900100053,2018년 9월 19일 05시,수요일,충청남도 홍성군 홍성읍,중상사고,0,1,0,0,차대사람 - 횡단중,보행자보호의무위반,포장 - 건조,맑음,교차로 - 교차로안,화물,남,63세,상해없음,보행자,남,67세,중상
1133,2018091900100264,2018년 9월 19일 12시,수요일,충청남도 논산시 은진면,중상사고,0,1,0,0,차대사람 - 기타,안전운전불이행,포장 - 건조,맑음,기타 - 기타,화물,남,38세,상해없음,보행자,남,54세,중상
1134,2018091900100355,2018년 9월 19일 15시,수요일,충청남도 천안시 서북구 신당동,중상사고,0,1,0,0,차대사람 - 기타,안전운전불이행,포장 - 건조,맑음,교차로 - 교차로안,승용,여,49세,상해없음,보행자,여,69세,중상
1135,2018092000100211,2018년 9월 20일 10시,목요일,충청남도 보령시 대천동,중상사고,0,1,0,0,차대사람 - 기타,기타,포장 - 건조,맑음,단일로 - 기타,승합,남,50세,상해없음,보행자,여,82세,중상
1136,2018092000100283,2018년 9월 20일 12시,목요일,충청남도 예산군 예산읍,중상사고,0,1,0,0,차대사람 - 차도통행중,안전운전불이행,포장 - 건조,흐림,단일로 - 기타,승용,남,48세,상해없음,보행자,여,64세,중상
1137,2018092000100526,2018년 9월 20일 18시,목요일,충청남도 청양군 남양면,사망사고,1,0,0,0,차대사람 - 횡단중,과속,포장 - 건조,맑음,단일로 - 기타,승용,남,65세,상해없음,보행자,여,90세 이상,사망
1138,2018092000100648,2018년 9월 20일 20시,목요일,충청남도 홍성군 홍성읍,경상사고,0,0,1,0,차대사람 - 횡단중,안전운전불이행,포장 - 건조,흐림,기타 - 기타,승용,남,49세,상해없음,보행자,여,87세,경상
1139,2018092000100649,2018년 9월 20일 20시,목요일,충청남도 아산시 모종동,경상사고,0,0,1,0,차대사람 - 횡단중,보행자보호의무위반,포장 - 건조,기타,교차로 - 교차로부근,승용,남,35세,상해없음,보행자,여,11세,경상
1140,2018092000100716,2018년 9월 20일 22시,목요일,충청남도 천안시 동남구 사직동,중상사고,0,1,0,0,차대사람 - 기타,안전운전불이행,포장 - 건조,맑음,단일로 - 기타,승용,여,30세,상해없음,보행자,남,52세,중상
1141,2018092100100015,2018년 9월 21일 00시,금요일,충청남도 천안시 동남구 사직동,경상사고,0,0,1,0,차대사람 - 기타,안전운전불이행,포장 - 건조,맑음,단일로 - 기타,승용,남,57세,기타불명,보행자,남,29세,경상
1142,2018092100100036,2018년 9월 21일 01시,금요일,충청남도 천안시 서북구 두정동,경상사고,0,0,1,0,차대사람 - 보도통행중,안전운전불이행,포장 - 건조,맑음,기타 - 기타,승용,남,32세,상해없음,보행자,남,24세,경상
1143,2018092100100057,2018년 9월 21일 03시,금요일,충청남도 천안시 서북구 두정동,경상사고,0,0,1,0,차대사람 - 기타,안전운전불이행,포장 - 젖음/습기,비,교차로 - 교차로안,승용,남,42세,상해없음,보행자,남,24세,경상
1144,2018092100100201,2018년 9월 21일 09시,금요일,충청남도 천안시 서북구 성거읍,사망사고,1,0,0,0,차대사람 - 횡단중,과속,포장 - 젖음/습기,비,단일로 - 기타,승용,남,19세,상해없음,보행자,여,73세,사망
1145,2018092100100243,2018년 9월 21일 10시,금요일,충청남도 태안군 태안읍,경상사고,0,0,1,0,차대사람 - 기타,안전운전불이행,포장 - 젖음/습기,비,주차장 - 주차장,승용,남,46세,상해없음,보행자,여,82세,경상
1146,2018092100100285,2018년 9월 21일 11시,금요일,충청남도 천안시 동남구 봉명동,중상사고,0,1,0,0,차대사람 - 횡단중,보행자보호의무위반,포장 - 건조,흐림,교차로 - 교차로부근,승용,여,45세,상해없음,보행자,여,75세,중상
1147,2018092100100406,2018년 9월 21일 14시,금요일,충청남도 서산시 동문동,중상사고,0,1,0,0,차대사람 - 기타,안전운전불이행,포장 - 건조,맑음,교차로 - 교차로안,승용,남,27세,상해없음,보행자,남,73세,중상
1148,2018092100100505,2018년 9월 21일 16시,금요일,충청남도 천안시 동남구 사직동,중상사고,0,1,0,0,차대사람 - 차도통행중,안전운전불이행,포장 - 건조,맑음,단일로 - 기타,승용,여,45세,상해없음,보행자,남,72세,중상
1149,2018092100100506,2018년 9월 21일 16시,금요일,충청남도 천안시 동남구 병천면,경상사고,0,0,1,0,차대사람 - 차도통행중,안전운전불이행,포장 - 건조,맑음,교차로 - 교차로안,화물,남,48세,상해없음,보행자,여,75세,경상
1150,2018092100100626,2018년 9월 21일 18시,금요일,충청남도 보령시 대천동,중상사고,0,1,0,0,차대사람 - 횡단중,안전운전불이행,포장 - 건조,맑음,단일로 - 기타,승용,남,67세,상해없음,보행자,남,12세,중상
1151,2018092100100627,2018년 9월 21일 18시,금요일,충청남도 공주시 신관동,경상사고,0,0,1,0,차대사람 - 횡단중,보행자보호의무위반,포장 - 건조,맑음,교차로 - 교차로횡단보도내,승용,남,57세,상해없음,보행자,남,14세,경상
1152,2018092100100849,2018년 9월 21일 23시,금요일,충청남도 천안시 서북구 성정동,중상사고,0,1,0,0,차대사람 - 횡단중,안전운전불이행,포장 - 건조,맑음,교차로 - 교차로안,승용,남,64세,상해없음,보행자,남,26세,중상
1153,2018092200100051,2018년 9월 22일 02시,토요일,충청남도 서산시 읍내동,중상사고,0,1,0,0,차대사람 - 기타,안전운전불이행,포장 - 건조,맑음,단일로 - 기타,승용,남,41세,상해없음,보행자,여,36세,중상
1154,2018092200100126,2018년 9월 22일 07시,토요일,충청남도 아산시 온천동,중상사고,0,1,0,0,차대사람 - 기타,보행자보호의무위반,포장 - 건조,맑음,교차로 - 교차로안,승용,남,28세,상해없음,보행자,여,83세,중상
1155,2018092200100146,2018년 9월 22일 08시,토요일,충청남도 천안시 동남구 구성동,중상사고,0,1,0,0,차대사람 - 횡단중,안전운전불이행,포장 - 건조,맑음,교차로 - 교차로부근,승용,남,29세,상해없음,보행자,여,87세,중상
1156,2018092200100271,2018년 9월 22일 12시,토요일,충청남도 천안시 동남구 영성동,중상사고,0,1,0,0,차대사람 - 기타,불법유턴,포장 - 건조,맑음,단일로 - 기타,승용,여,42세,상해없음,보행자,여,83세,중상
1157,2018092300100210,2018년 9월 23일 14시,일요일,충청남도 천안시 동남구 신부동,경상사고,0,0,1,0,차대사람 - 기타,안전운전불이행,포장 - 건조,맑음,단일로 - 기타,승합,남,53세,상해없음,보행자,남,75세,경상
1158,2018092300100245,2018년 9월 23일 15시,일요일,충청남도 당진시 신평면,중상사고,0,1,0,0,차대사람 - 차도통행중,안전운전불이행,포장 - 건조,맑음,단일로 - 기타,승용,여,37세,상해없음,보행자,여,51세,중상
1159,2018092300100349,2018년 9월 23일 18시,일요일,충청남도 홍성군 은하면,중상사고,0,1,0,0,차대사람 - 차도통행중,안전운전불이행,포장 - 건조,맑음,단일로 - 기타,화물,남,58세,상해없음,보행자,여,13세,중상
1160,2018092300100376,2018년 9월 23일 19시,일요일,충청남도 천안시 서북구 쌍용동,부상신고사고,0,0,0,1,차대사람 - 차도통행중,안전운전불이행,포장 - 건조,맑음,단일로 - 기타,승용,여,51세,상해없음,보행자,여,72세,부상신고
1161,2018092300100378,2018년 9월 23일 19시,일요일,충청남도 부여군 부여읍,사망사고,1,0,0,0,차대사람 - 차도통행중,안전운전불이행,포장 - 건조,맑음,단일로 - 기타,화물,남,52세,상해없음,보행자,남,48세,사망
1162,2018092300100379,2018년 9월 23일 19시,일요일,충청남도 금산군 군북면,중상사고,0,1,0,0,차대사람 - 기타,안전운전불이행,포장 - 건조,맑음,단일로 - 기타,승용,남,51세,상해없음,보행자,남,49세,중상
1163,2018092300100380,2018년 9월 23일 19시,일요일,충청남도 청양군 청양읍,사망사고,1,0,0,0,차대사람 - 기타,안전운전불이행,포장 - 건조,맑음,기타 - 기타,승용,남,56세,상해없음,보행자,남,9세,사망
1164,2018092400100103,2018년 9월 24일 11시,월요일,충청남도 논산시 은진면,경상사고,0,0,1,0,차대사람 - 횡단중,보행자보호의무위반,포장 - 건조,맑음,교차로 - 교차로횡단보도내,승합,남,65세,상해없음,보행자,여,20세,경상
1165,2018092400100104,2018년 9월 24일 11시,월요일,충청남도 논산시 내동,중상사고,0,1,0,0,차대사람 - 횡단중,안전운전불이행,포장 - 건조,맑음,단일로 - 기타,승용,남,52세,상해없음,보행자,남,5세,중상
1166,2018092400100200,2018년 9월 24일 14시,월요일,충청남도 공주시 중동,중상사고,0,1,0,0,차대사람 - 횡단중,보행자보호의무위반,포장 - 건조,맑음,단일로 - 기타,승용,남,29세,상해없음,보행자,남,75세,중상
1167,2018092400100325,2018년 9월 24일 18시,월요일,충청남도 당진시 신평면,중상사고,0,1,0,0,차대사람 - 기타,안전운전불이행,포장 - 건조,맑음,단일로 - 기타,승용,남,49세,상해없음,보행자,남,48세,중상
1168,2018092400100343,2018년 9월 24일 19시,월요일,충청남도 천안시 서북구 와촌동,중상사고,0,1,0,0,차대사람 - 기타,안전운전불이행,포장 - 건조,맑음,단일로 - 교량,승용,남,35세,상해없음,보행자,남,56세,중상
1169,2018092500100033,2018년 9월 25일 03시,화요일,충청남도 논산시 취암동,경상사고,0,0,1,0,차대사람 - 기타,안전운전불이행,포장 - 건조,맑음,단일로 - 기타,승용,남,24세,상해없음,보행자,여,22세,경상
1170,2018092500100374,2018년 9월 25일 19시,화요일,충청남도 홍성군 광천읍,사망사고,1,0,0,0,차대사람 - 횡단중,안전운전불이행,포장 - 건조,맑음,단일로 - 기타,승합,남,49세,상해없음,보행자,여,81세,사망
1171,2018092500100376,2018년 9월 25일 19시,화요일,충청남도 서천군 장항읍,중상사고,0,1,0,0,차대사람 - 횡단중,안전운전불이행,포장 - 건조,맑음,단일로 - 기타,승용,여,38세,상해없음,보행자,여,85세,중상
1172,2018092500100414,2018년 9월 25일 20시,화요일,충청남도 보령시 신흑동,중상사고,0,1,0,0,차대사람 - 길가장자리구역통행중,안전운전불이행,포장 - 건조,맑음,단일로 - 기타,승용,남,76세,상해없음,보행자,여,65세,중상
1173,2018092700100105,2018년 9월 27일 08시,목요일,충청남도 보령시 동대동,중상사고,0,1,0,0,차대사람 - 보도통행중,보행자보호의무위반,포장 - 건조,맑음,단일로 - 기타,승용,남,64세,상해없음,보행자,여,66세,중상
1174,2018092700100106,2018년 9월 27일 08시,목요일,충청남도 당진시 읍내리,중상사고,0,1,0,0,차대사람 - 기타,안전운전불이행,포장 - 건조,맑음,단일로 - 기타,승용,여,50세,상해없음,보행자,남,86세,중상
1175,2018092700100176,2018년 9월 27일 10시,목요일,충청남도 아산시 권곡동,중상사고,0,1,0,0,차대사람 - 기타,안전운전불이행,포장 - 건조,맑음,교차로 - 교차로횡단보도내,승용,남,57세,상해없음,보행자,여,82세,중상
1176,2018092700100451,2018년 9월 27일 17시,목요일,충청남도 논산시 광석면,사망사고,1,0,0,0,차대사람 - 기타,안전운전불이행,포장 - 건조,맑음,단일로 - 기타,승용,여,40세,상해없음,보행자,남,55세,사망
1177,2018092700100505,2018년 9월 27일 18시,목요일,충청남도 천안시 동남구 원성동,중상사고,0,1,0,0,차대사람 - 기타,안전운전불이행,포장 - 건조,맑음,단일로 - 기타,승용,남,33세,상해없음,보행자,남,80세,중상
1178,2018092700100506,2018년 9월 27일 18시,목요일,충청남도 천안시 동남구 구성동,경상사고,0,0,1,0,차대사람 - 횡단중,보행자보호의무위반,포장 - 건조,맑음,단일로 - 기타,승용,여,45세,상해없음,보행자,남,7세,경상
1179,2018092900100034,2018년 9월 29일 01시,토요일,충청남도 보령시 웅천읍,사망사고,1,1,0,0,차대사람 - 차도통행중,안전운전불이행,포장 - 건조,맑음,단일로 - 기타,승용,남,36세,상해없음,보행자,여,67세,사망
1180,2018092900100295,2018년 9월 29일 13시,토요일,충청남도 태안군 태안읍,부상신고사고,0,0,0,1,차대사람 - 횡단중,보행자보호의무위반,포장 - 건조,맑음,단일로 - 기타,승용,남,56세,상해없음,보행자,남,70세,부상신고
1181,2018092900100538,2018년 9월 29일 20시,토요일,충청남도 천안시 서북구 두정동,경상사고,0,0,1,0,차대사람 - 차도통행중,안전운전불이행,포장 - 건조,맑음,교차로 - 교차로안,승용,남,25세,상해없음,보행자,여,23세,경상
1182,2018092900100593,2018년 9월 29일 22시,토요일,충청남도 아산시 신창면,중상사고,0,1,0,0,차대사람 - 기타,안전운전불이행,포장 - 건조,맑음,단일로 - 기타,승용,남,33세,상해없음,보행자,여,47세,중상
1183,2018092900100594,2018년 9월 29일 22시,토요일,충청남도 당진시 신평면,중상사고,0,2,0,0,차대사람 - 기타,안전운전불이행,포장 - 건조,맑음,기타 - 기타,승용,여,59세,상해없음,보행자,여,55세,중상
1184,2018093000100393,2018년 9월 30일 18시,일요일,충청남도 천안시 동남구 신부동,경상사고,0,0,2,0,차대사람 - 보도통행중,보행자보호의무위반,포장 - 건조,맑음,교차로 - 교차로부근,승용,남,26세,상해없음,보행자,남,25세,경상
1185,2018093000100455,2018년 9월 30일 20시,일요일,충청남도 천안시 서북구 쌍용동,경상사고,0,0,1,0,차대사람 - 기타,안전운전불이행,포장 - 건조,맑음,단일로 - 기타,개인형이동수단(PM),남,18세,상해없음,보행자,여,72세,경상
1186,2018100100100179,2018년 10월 1일 10시,월요일,충청남도 서산시 동문동,중상사고,0,1,0,0,차대사람 - 기타,보행자보호의무위반,포장 - 건조,맑음,교차로 - 교차로횡단보도내,화물,남,75세,상해없음,보행자,여,69세,중상
1187,2018100100100242,2018년 10월 1일 12시,월요일,충청남도 아산시 신창면,경상사고,0,0,1,0,차대사람 - 기타,안전운전불이행,포장 - 건조,맑음,단일로 - 기타,승용,남,32세,상해없음,보행자,남,24세,경상
1188,2018100100100317,2018년 10월 1일 14시,월요일,충청남도 논산시 취암동,중상사고,0,1,0,0,차대사람 - 횡단중,신호위반,포장 - 젖음/습기,흐림,교차로 - 교차로안,이륜,남,83세,상해없음,보행자,여,61세,중상
1189,2018100100100579,2018년 10월 1일 21시,월요일,충청남도 서산시 동문동,중상사고,0,1,0,0,차대사람 - 횡단중,신호위반,포장 - 건조,맑음,교차로 - 교차로안,승용,여,46세,상해없음,보행자,여,27세,중상
1190,2018100200100116,2018년 10월 2일 08시,화요일,충청남도 서산시 동문동,중상사고,0,1,0,0,차대사람 - 기타,안전운전불이행,포장 - 건조,맑음,교차로 - 교차로안,화물,남,51세,상해없음,보행자,여,41세,중상
1191,2018100200100161,2018년 10월 2일 09시,화요일,충청남도 천안시 동남구 풍세면,경상사고,0,0,1,0,차대사람 - 횡단중,안전운전불이행,포장 - 건조,맑음,단일로 - 기타,승용,남,27세,상해없음,보행자,여,52세,경상